co,no2,o3,pm10,pm25,so2
580,12.22,3.93,59,31.88,4.734999999999999
610,15.31,3.54,59,31,4.734999999999999
740,14.99,3.02,59,31,4.734999999999999
820,14.38,3.28,59,31,4.734999999999999
1023.75,14.3,4.04,65,34,4.734999999999999
1023.75,11.13,4.33,65,34,4.734999999999999
1023.75,16.93,5.09,70.82,37.09,4.734999999999999
1023.75,16.93,4.47,81,52.5,4.734999999999999
1023.75,16.93,6.09,81,52.5,4.734999999999999
1023.75,16.93,7,81,52.5,4.734999999999999
910,16.93,10.13,81,52.5,4.734999999999999
760,16.93,14.93,81,52.5,4.734999999999999
480,16.93,15.73,80,47,4.734999999999999
500,16.93,17.33,80,47,4.734999999999999
460,16.93,16.34,78.95,46.52,4.734999999999999
450,16.93,18.42,73,43,4.734999999999999
200,16.93,21.88075,70.9,43,4.734999999999999
190,16.93,21.29,59,43,4.734999999999999
150,16.93,21.87,59,43,4.734999999999999
140,16.93,21.88075,59.74,42.28,4.734999999999999
60,16.93,15.97,64,37,4.734999999999999
80,16.93,19.82,64,37,4.734999999999999
50,16.93,20.27,64,37,4.734999999999999
160,16.93,21.88075,64.29,36.88,4.734999999999999
330,16.93,21.88075,66,36,4.734999999999999
390,16.93,20.05,66,36,4.734999999999999
360,16.93,19,66,36,4.734999999999999
370,16.93,16.64,67.19,35.28,4.734999999999999
380,16.93,21.88075,74,30,4.734999999999999
390,16.93,21.86,74,30,4.734999999999999
330,16.93,21.88075,63,32,3.81
400,16.93,18.79,63,32,3.83
400,16.93,19.11,63,32,3.8
400,16.93,17.92,63,32,3.78
440,16.93,16.9,63,32,3.79
400,16.93,16.52,62.25,32.47,3.79
300,16.93,16.29,58,36,3.76
150,16.93,14.42,57.4,35.64,3.6
240,16.93,12.89,54,33,3.67
240,16.93,12.14,54,33,3.65
220,16.93,12.29,49,36,3.78
290,16.93,12.16,49,36,3.81
250,16.93,11.46,48.55,35.16,3.84
240,16.93,10.25,46,29,3.81
180,16.93,13.54,46,29,3.82
130,16.93,14.5,45.4,28.4,3.84
50,16.93,15.57,42,24,3.83
150,16.93,14.2,42,24,3.87
290,15.77,12.75,40.95,23.28,4.08
210,13.75,12.97,35,18,4.11
130,12.35,13.09,35,18,3.92
80,11.83,12.81,34.56,17.76,3.83
140,11.98,11.12,32,16,3.83
130,12.44,9.44,32,16,3.84
130,13.76,9.11,32,16,3.81
140,13.36,9.26,32.44,15.65,3.87
160,11.66,10.54,35,13,3.83
90,9.25,11.03,35.59,14.19,3.83
110,9.94,9.14,39,23,3.82
120,11.51,8.05,39,23,3.83
10,11.76,8.4,39,23,3.82
50,12.16,8.88,39.74,23.47,3.73
50,14.38,7.13,44,27,3.6
50,13.76,6.94,44,23.86,3.69
50,15.51,5.63,44,0,3.8
10,15.98,4.84,44,0,3.8
150,16.26,3.98,45.19,2.9,3.88
280,16.93,4.33,52,25,3.99
640,16.93,2.54,72,35,3.76
990,16.93,2.41,72,35,3.9
1023.75,16.33,2.34,72,35,3.97
1023.75,16.93,2.68,74.39,34.52,3.99
1023.75,11.22,2.42,81,31,4.08
1023.75,16.93,2.87,81,31,3.99
1023.75,16.93,2.99,81,31,3.97
1023.75,11.15,3.68,81,52.5,3.91
1023.75,10.11,4.18,81,52.5,3.86
1023.75,16.93,5.43,81,52.5,3.88
1023.75,16.93,5.09,81,52.5,3.86
1023.75,13.44,6.21,81,48,3.87
1023.75,16.93,6.38,81,48,3.86
1023.75,16.93,9.98,72,37,4.734999999999999
1023.75,16.93,9.51,72,37,4.734999999999999
1023.75,16.93,10.29,81,52.5,4.734999999999999
1023.75,16.93,12.43,81,52.5,4.734999999999999
1020,16.93,8.92,81,52.5,4.734999999999999
930,16.93,8.56,81,52.5,4.734999999999999
980,16.93,8.87,79.5,52.5,4.734999999999999
1010,16.93,8.03,71,52.5,4.734999999999999
950,16.93,8.65,71,52.5,4.734999999999999
860,16.93,10.92,71.74,52.5,4.734999999999999
1000,16.93,9.39,64.5,52.5,4.734999999999999
1000,16.93,9.74,56,52.5,4.734999999999999
1023.75,16.93,7.27,56,52.5,3.88
980,16.93,6.74,55.55,52.5,3.84
1023.75,16.93,8.07,53,52.5,3.84
1020,16.93,8.25,63,23,3.8
870,16.93,8.38,63,23,3.8
440,16.93,10.91,55,21,3.8
490,16.93,10.04,54.25,20.76,3.72
510,16.93,8.7,50,19,3.63
440,16.93,8.65,50,19,3.6
450,11.36,9.82,55,26,3.82
430,16.93,9.97,55,26,3.8
230,16.93,13.37,51,26,3.82
230,12.77,8.46,49,26,4.05
120,9.1,10.43,55,15,3.81
10,12.63,5.9,57,34,3.62
1023.75,16.93,12.67,76,45,4.01
1023.75,16.93,14.57,77.34,44.53,3.99
840,16.93,21.04,81,36,3.81
980,16.93,15.87,81,36,3.84
1023.75,16.93,15.39,81,36,3.86
900,16.93,18.72,81,36.34,3.92
810,16.93,19.25,81,39,3.94
770,16.93,17.79,81,39,3.97
610,16.93,19.24,81,38.76,3.98
460,16.93,19.25,62,37,3.97
530,16.93,11.79,62,37,3.96
430,16.93,14.16,60.8,35.37,4.07
460,16.93,11.87,54,23,4.26
550,16.93,12.1,54,23,4.29
770,16.93,11.07,54,23,4.39
950,16.93,9.65,53.7,22.88,4.46
970,16.93,11.53,52,22,4.48
1020,16.93,11,52,22,4.35
1023.75,16.93,8.41,52,22.46,4.27
1023.75,16.93,10.07,52,26,4.27
1023.75,16.93,6.97,52,26,4.22
1023.75,16.93,8.01,52.59,25.06,4.21
1023.75,16.93,7.16,56,18,4.19
1023.75,16.93,7.74,56,18,4.19
1023.75,16.93,9.14,56.59,19.16,4.22
1023.75,16.93,9.53,60,28,4.22
1023.75,16.93,10.81,60,28,4.23
1023.75,16.93,9.4,60,28,4.21
660,16.93,11.37,55,26,4.02
590,16.93,12.12,55,26,4.02
570,16.93,14.89,55,26,3.99
460,16.93,14.81,57.09,24.83,4.14
450,16.93,14.82,69,16,4.11
430,16.93,13.08,69,16,4.23
330,16.93,14.64,69,16,4.22
250,16.93,15.36,68,24,4.24
250,16.93,14.8,68,24,4.27
210,16.93,14.46,68,24,4.29
130,16.35,14.42,67.71,25.04,4.27
100,15.13,11.22,66,33,4.28
110,14.54,9.37,66,33,4.26
250,14.32,8.81,66,33.47,4.32
400,12.94,5.8,66,37,4.59
400,12.67,6.42,67.05,36.3,4.44
420,11.99,5.22,73,31,4.44
380,13.32,4.8,73,31,4.33
360,13.49,4.41,73,31,4.32
410,12.83,4.07,72.25,30.53,4.28
380,12.72,4.67,68,27,4.27
360,13.04,4.27,68,27,4.27
420,12.22,3.86,68,27,4.27
460,12.5,3.44,68.14,27.93,4.27
430,12.46,3.91,69,35,4.25
420,12.76,3.91,69,35,4.25
600,12.71,3.62,69,35,4.26
360,13.33,3.52,79,23,4.24
340,12.67,3.91,79,23,4.13
470,12.22,3.04,79.59,24.04,4.05
630,11.63,2.45,81,32,4.01
910,13.62,2.54,81,32,4.21
1023.75,14.49,2.24,81,34.79,4.38
1023.75,10.93,2.08,81,52.5,4.32
1023.75,12.01,2.28,81,52.5,4.23
1023.75,16.93,2.76,81,52.5,4.21
1023.75,16.93,2.66,81,52.5,4.36
1023.75,13.89,4.2,81,52.5,4.3
1023.75,16.93,5.32,81,52.5,4.24
1023.75,16.93,5.18,81,52.5,4.27
1023.75,16.93,6.06,81,52.5,4.43
1023.75,16.93,4.22,81,52.5,4.63
1023.75,16.93,5.23,81,52.5,4.61
1023.75,16.93,6.19,81,42,4.33
1023.75,16.93,6.58,81,42,3.17
1023.75,16.93,6.78,81,42,3.18
1023.75,16.93,8.86,81,39.79,3.13
1023.75,16.93,8.57,52,23,3.15
1023.75,16.93,8.52,52,23,3.09
1023.75,16.93,8.91,52,23,3.12
1010,16.93,9.75,56,19,3.1
1023.75,16.93,8.74,56,19,3.12
1023.75,16.93,10.1,55.55,17.25,3.11
1023.75,16.93,7.8,53,4,3.11
810,16.93,9.7,53,4,3.1
750,16.93,9.77,53.89,5.62,3.03
820,16.93,10.16,59,18,2.96
740,16.93,10.46,59,18,2.97
730,16.93,9.57,59,18,2.95
630,16.93,9.7,58.55,18.58,3.02
650,16.93,9.04,56,23,3.03
640,16.93,9.22,56,23,3.06
560,16.93,11.14,56.44,23.23,3.06
560,16.93,11.44,59,25,3.07
610,16.93,11.33,59,25,3.05
1000,16.93,14.18,59.79,23.93,3.19
1023.75,16.93,11.79,70,31,3.25
1023.75,16.93,11.5,70,31,3.21
1023.75,16.93,9.27,68.95,29.25,3.08
1023.75,16.93,11.3,63,16,3.07
1023.75,16.93,13.15,63,16,3.03
1023.75,16.93,11.98,62.55,16,3.02
1023.75,16.93,9.29,60,16,3.04
1023.75,16.93,8.18,60,16,3.05
1023.75,16.93,9.29,58.35,16,3.06
880,16.93,10.16,49,16,3.06
760,16.93,10.55,49,16,3.04
480,16.08,10.79,47.34,14.13,3.06
310,14.39,7.9,38,0,2.96
250,14.22,8.95,38,0,2.89
180,13.66,8.02,38,1.86,2.96
120,13.6,8.15,38,16,2.96
40,13.41,7.83,38,16,3.04
20,13.5,8.57,38,16,3.03
50,12.65,9.41,37.85,16.11,3.09
50,13.11,10.33,37,17,3.12
50,12.32,9.85,37,17,3.1
50,13.04,8.45,37.29,16.4,3.13
50,14.23,6.72,39,12,3.11
50,14.13,5.82,39,12,3.12
50,12.72,6,39,12,3.11
50,12.72,5.29,40.34,12.93,3.13
150,13.03,4.96,48,20,3.14
280,12.19,4.44,48,20,3.28
270,11.02,4.35,48,20,3.38
310,10.99,3.88,48.44,20.58,3.28
380,11.2,3.42,51,25,3.14
410,10.32,3.26,52.94,26.62,3.11
380,9.74,3.34,64,39,3.07
460,9.85,2.89,64,39,3.08
510,10.27,3.07,63.7,36.44,3.07
600,10.03,3.03,62,17,3.09
600,9.92,3.19,62,17,3.08
690,14.69,3.51,63.49,18.97,3.09
910,11.87,3.24,72,34,3.07
840,11.73,2.61,72,34,3.04
1023.75,10.49,2.77,72,34,2.96
1023.75,12.72,2.72,81,50,2.88
1023.75,12.45,3.69,81,50,3
1023.75,13.56,3.59,81,50.11,3.07
1023.75,16.93,3.76,81,51,3.08
1023.75,16.93,2.88,81,51,3.13
1023.75,16.93,3.92,81,51,3.11
1023.75,16.93,3.37,81,52.39,3.14
1023.75,16.83,4.61,81,52.5,3.14
850,16.93,6.31,81,52.5,3.16
850,16.93,5.86,81,52.5,3.15
830,16.93,7.58,81,52.5,3.62
850,16.93,7.31,81,52.5,4.35
1023.75,16.93,5.91,81,52.5,4.49
1023.75,16.93,5.81,81,52.5,4.57
1023.75,16.93,6.16,81,38,4.67
1023.75,16.93,7.03,81,38,4.52
1023.75,16.93,6.71,81,38,4.54
1023.75,16.93,8.65,81,35.67,4.37
1023.75,16.93,9.3,61,18,4.38
1023.75,16.93,8.52,61,18,4.29
1023.75,16.93,9.77,61,18,4.32
1023.75,16.93,9.71,60.7,17.88,4.29
1023.75,16.93,9.21,59,17,4.3
990,16.93,8.96,59,17,4.27
920,16.93,9.9,59,16.04,4.32
920,16.93,11.07,59,10,4.6
840,16.93,11.07,59,10,4.57
740,16.93,11.96,59,10,4.61
560,16.93,8.29,58,21,4.46
540,16.93,6.01,58,21,4.36
510,16.93,6.75,58,21,4.31
610,16.93,6.06,57,23,4.38
610,16.93,5.6,57,23,4.48
550,16.93,4.48,57.15,22.72,4.51
660,16.93,5.26,58,21,4.49
750,16.93,4.3,58,21,4.49
770,16.93,4.94,58.44,21.68,4.53
800,15.58,4.76,61,26,4.49
850,16.93,4.85,61,26,4.51
740,16.93,5.33,61,26,4.49
920,16.93,5.11,61,25.18,4.57
1023.75,16.93,6.02,61,19,4.71
1023.75,16.93,5.67,61,19,4.734999999999999
1023.75,16.93,6.01,60.1,19.23,4.62
1023.75,16.93,5.97,55,21,4.56
1023.75,16.5,6.46,55,21,4.54
1023.75,14.86,5.76,54.25,21.46,4.55
1023.75,14.3,6.27,50,25,4.51
1023.75,16.93,6.8,50,25,4.52
1023.75,9.48,8.07,50,25,4.52
960,15.24,8.34,48.95,24.31,4.54
850,14.72,9.61,43,20,4.53
600,12.96,10.53,42.7,19.76,4.58
340,12.86,10.3,41,18,4.52
190,12.42,9.42,41,18,4.46
170,11.64,9.56,41,18,4.34
100,11.94,10.13,40.56,18,4.34
30,11.86,9.74,38,18,4.29
50,11.87,10.59,38,18,4.47
50,11.52,10.65,38,18,4.45
50,11.57,12.13,38.59,16.74,4.57
50,11.52,11.39,42,9,4.56
50,12.56,11.32,42,9,4.6
50,12.13,11.78,42,9,4.61
50,12.7,7.17,41.4,9.81,4.6
50,12.98,6.3,38,15,4.6
50,12.17,6.08,38,15,4.62
50,11.78,6.39,38,15,4.61
50,11.89,7.82,52,14,4.63
120,10.94,7.04,52,14,4.66
230,8.97,5.08,52.59,15.86,4.734999999999999
290,10.55,5,56,30,4.734999999999999
320,11.26,4.52,56,30,4.68
370,10.9,4.93,56,30,4.734999999999999
390,10.44,5.01,56.89,28.77,4.63
420,11.37,3.6,62,21,4.65
470,14.63,3.65,62,21,4.61
550,13.56,3.01,62,21,4.58
720,12.98,3.11,62.44,22.5,4.61
800,14.26,2.52,65,32,4.57
910,13.05,2.45,65,32,4.55
1023.75,12.95,2.32,67.39,32.13,4.55
1023.75,16.93,2.84,81,33,4.56
990,11.26,3.36,81,33.58,4.4
950,15.9,3.78,81,38,4.28
980,16.93,2.86,81,38,4.33
1000,16.93,3.71,81,38,4.31
1010,16.93,4.51,81,39.74,4.5
750,16.93,5.16,81,52.5,4.5
740,16.93,7.95,81,52.5,4.57
860,16.93,9.35,81,49.27,4.6
850,16.93,8.08,70,21,4.63
820,16.93,8.76,70,21,4.734999999999999
890,16.93,9.91,69.83,20.59,4.63
860,16.93,10.82,69,18,4.65
890,16.93,10.19,69,18,4.64
940,16.93,11.33,69,18,4.67
1023.75,16.93,8.66,68.51,18,4.734999999999999
1023.75,16.93,9.6,66,18,4.734999999999999
1023.75,16.93,10.35,66,18,4.734999999999999
950,16.93,12.42,64.39,17.31,4.69
810,16.93,13.24,54,18,4.55
1023.75,16.93,6.79,49,7,4.45
910,16.93,6.55,50,10,4.49
720,14.69,8.83,37,11,4.64
460,11.63,10.84,28,5,4.6
380,11.15,10.98,27.67,4.31,4.57
340,11.61,11.22,26,0,4.57
270,10.37,11.78,26,0,4.56
980,16.93,8.93,69,34,4.47
930,16.93,9.88,69,34,4.58
1023.75,16.93,9.24,69,34,4.62
1023.75,16.93,7.46,70,27,4.66
1023.75,16.93,9.48,57,24,4.734999999999999
1023.75,16.93,11.42,55.39,23.59,4.734999999999999
1010,16.93,12.08,47,21,4.734999999999999
700,16.93,13.07,58,24,4.57
740,16.93,12.1,58,24,4.59
730,16.93,12.52,57.67,24.27,4.58
640,16.93,10.89,56,26,4.55
800,16.93,7.63,44,25,4.36
1023.75,16.93,7.09,50,28,4.54
1023.75,14.44,7.01,58,29,4.734999999999999
1023.75,13.7,5.7,43,24,4.66
1023.75,13.4,5.76,42.51,24.13,4.65
1023.75,11.91,4.74,43.27,25.95,4.56
780,10.73,4.38,61,32,4.53
70,9.6,13.62,40.95,30.9,4.58
50,6.41,10.59,30,14,4.55
50,7.46,11.29,33,13,4.49
50,6.77,10.58,33.15,13.4,4.34
50,7.68,8.48,36.22,10.81,4.55
50,6.8,8.44,34,11,4.61
580,15.61,11.82,60,52.5,3.84
20,10.78,10.58,43,52.5,3.78
20,9.38,12.23,44,52.5,3.84
50,9.37,10.03,44,52.5,3.95
160,9.59,4.65,49.68,52.5,3.89
140,9.27,5.4,48,52.5,3.82
370,12.38,15.16,48,33,3.53
80,11.61,14.2,43,27,2.97
50,11.72,14.05,43,27,2.95
50,11.2,13.29,48,24,3.07
50,11.31,13.85,47.53,24.54,3.09
50,11.19,13.66,45,28,3.09
120,11.46,10.87,46,26,3.87
470,9.97,12.74,46.62,26.27,4
620,8.36,13.36,50,28,4
580,8.72,13.07,44,37,3.82
460,8.44,12.24,45,25,3.77
10,7.55,9.31,40,22,3.82
10,7.25,9.58,40,19,3.86
50,7.25,8.26,40,19,3.87
50,7.27,8.46,39.68,18.31,3.87
360,5.23,7.79,38,14,4.08
840,8.62,3.91,52,24,4.73
960,9.18,7.39,65,40,4.734999999999999
940,10.13,8.01,65,40,4.734999999999999
870,9.8,8.17,62.51,37.68,4.59
840,9.63,8.43,49,23,4.57
730,9.51,9.41,44.53,27.88,4.59
680,9.88,9.91,42,21,4.55
450,8.73,11.64,47.43,21.13,4.52
360,9.56,11.78,77,22,4.41
280,10.64,12.15,77,22,4.32
890,6.46,2.9,40,24,3.19
1023.75,7.13,3.64,52.81,38.23,3.29
1010,7.23,4.62,79,52,3.26
900,8,6.02,79,52,3.22
590,10.79,8.78,68,51,3.28
770,8.47,13.07,61,44,3.6
570,9.69,16.3,49,29,3.77
540,9.5,15.17,48,30,4.31
350,8.3,13.88,47.68,29.44,4.27
330,7.42,13.88,46,26,4.26
160,8.79,12.24,46,25.72,4.09
120,8.85,12.02,46,24,4.19
140,9.29,11.67,44.75,23.44,4.23
150,9.14,12.77,38,20,4.2
100,8.95,12.55,38,20,4.23
100,8.93,12.99,38,20,4.2
110,8.71,13.74,38.77,20.27,4.24
70,8.34,12.13,43,22,4.22
40,8.08,11.75,43,22,4.2
60,8.28,11.65,43.77,22.97,4.22
330,8.09,11.58,48,29,4.26
360,6.92,12.68,48,29,4.4
390,6.74,12.85,48,29,4.5
390,6.56,13.14,47.37,28.86,4.42
380,6.55,12.71,44,28,4.41
410,6.69,12.42,44,28,4.27
360,7.32,11.82,44,28,4.27
350,6.7,13.25,43.68,26.88,4.24
380,6.61,13.12,42,20,4.24
360,6.81,13.68,42,20,4.24
350,6.8,11.9,42,20,4.23
360,7.07,9.44,41.53,20.69,4.26
370,7.16,9.91,39,25,4.22
340,7.04,9.18,39,25,4.18
360,6.83,10.28,39,25,4.18
370,6.72,9.16,40.08,25.69,4.2
80,7.29,7.98,46,30,4.23
50,7.78,6.85,46,30,4.11
40,7.66,7.54,46,29.44,4.07
40,7.32,7.68,46,26,4
50,7.26,6.35,46,26,4.15
50,7,6.65,46,26,4.1
60,7.8,5.69,46.31,26.4,4.24
60,8.74,6.46,48,29,4.23
90,8.51,5.94,48,29,4.29
100,8.5,6.37,48,29,4.25
70,8.74,6.16,47.53,28.86,4.3
210,8.76,5.52,45,28,4.28
250,9.16,6.25,45,28,4.38
80,8.07,6.82,45,28,4.48
70,7.22,6.76,44.84,28.41,4.38
90,6.81,6.34,44,31,4.32
200,6.91,5.21,44,31,4.25
450,6,4.75,44.93,31.55,4.52
490,5.8,5.24,50,35,4.61
480,5.78,5.04,50,35,4.44
470,6.04,4.76,50,35,4.48
490,5.9,4.53,50,34.44,4.32
520,6.35,4.75,50,31,4.31
580,6.59,4.62,50,31,4.26
700,6.49,3.46,51.08,31.41,4.27
900,6.74,3.69,57,34,4.27
1000,6.33,4.01,57,34,4.25
1020,7.3,4.3,57,34,4.27
1023.75,7.44,4.32,58.08,35.11,4.26
1023.75,7.89,4.46,64,42,3.08
1023.75,8.41,4.31,64,42,3.09
1023.75,8.14,4.6,65.7,42.13,3.02
920,7.06,5.41,75,43,2.94
850,7.37,5.95,75,43,2.93
650,7.61,7.96,75,43,2.9
560,8.04,8.23,73.29,42.16,3.03
540,9.64,7.76,64,37,3.03
490,11.23,8.67,64,37,3.1
520,10.41,8.3,64,37,3.07
420,10.42,10.58,63.22,36.86,3.12
410,9.52,9.08,59,36,3.08
350,9.96,11.24,59,36,3.12
320,10.32,12.07,59,36,3.12
290,10.68,12.59,57.6,35.16,3.13
290,9.93,13.35,50,30,3.14
230,9.48,13.15,50,30,3.13
200,9.02,15.44,50,30,3.16
370,7.9,12.9,50.46,29.02,3.15
560,8.16,12.52,53,23,3.28
500,8.27,13.03,53,23,3.27
470,7.48,14.19,53,23,3.33
480,7.63,13.95,51.29,22.86,3.19
470,8.35,15.88,42,22,3.21
480,8.11,16.9,42,22,3.1
490,7.79,16.16,42,22,3.13
490,7.55,14.57,42.46,22.69,3.11
490,7.66,14.46,45,27,3.1
560,8.02,13.04,45,27,3.09
520,8.57,12.92,45,27,3.1
510,8.72,12.55,44.84,26.44,3.08
520,8.45,11.82,44,23,3.07
520,8.7,12.33,44,23,3.05
510,8.33,11.77,44,23,3.07
470,8.35,12.37,43.06,23,3.05
310,7.78,11.89,38,23,3.06
300,7.79,11.93,38,23,3.01
190,8.2,11.32,38,23,2.91
150,8.54,10.78,38.31,22.3,2.91
150,7.85,9.9,40,18,2.84
140,8.03,10.09,40,18,2.96
130,8.01,10.01,40,18,2.94
100,7.99,10.7,40.15,18.27,3.02
70,8,10.12,41,20,3.01
40,7.84,9.8,41,20,3.04
40,7.74,9.33,41,20,3.03
60,7.56,9.88,40.37,20.13,3.07
60,7.36,9.83,37,21,3.05
10,7.15,10.45,37,21,3.07
50,7.36,9.76,37,21,3.05
30,7.13,9.68,38.7,21.13,3.09
80,6.68,9.34,48,22,3.07
260,6.43,9.79,48,22,3.16
370,5.66,10.29,48,22,3.31
360,5.7,9.7,47.68,23.25,3.3
390,5.59,8.95,46,31,3.29
340,5.13,7.43,46,31,3.06
400,5,6.97,46,31,3.06
380,4.73,6.82,46,30.02,3.02
390,4.76,6.31,46,24,3
410,5.11,5.72,46,24,3.05
350,4.84,5.75,46,24,3.05
390,5.08,5.22,46.31,24.55,3.07
410,5.17,5.39,48,28,3.1
390,5.28,5.8,48,28,3.08
360,5.63,6.39,48,28,3.11
390,4.71,5.47,47.54,28.27,3.1
380,3.38,4.87,45,30,3.09
310,3.68,4.84,45,30,3.08
140,5.53,4.56,45,30,3.06
120,6.27,4.16,45.93,30.27,2.94
100,6.11,4.16,51,32,2.83
100,5.98,3.26,51,32,2.9
150,5.78,2.52,51,32,2.83
130,5.03,3.23,53,38,3.01
120,5.47,3.11,53,38,3.05
160,4.78,3.53,53,38,3
160,4.49,3.82,53,38,3.04
390,3.69,3.63,53,38,3.08
200,4.46,3.07,53,38,3.21
170,4.82,2.99,53,38,3.21
190,4.74,2.66,52.37,37.58,3.12
410,5.74,2.93,49,35,3.08
490,5.02,2.82,49,35,3.14
450,4.72,2.7,49,35,3.22
620,3.58,2.99,49.93,35.83,3.26
740,4.95,2.54,55,41,3.2
810,5.18,2.81,55,41,3.23
870,5.42,2.77,55,40.58,3.11
1023.75,5.62,2.42,55,38,3.1
1023.75,5.69,2.77,55,38,3.08
1023.75,5.17,2.7,55,38,3.09
1023.75,5.09,2.97,55.62,39.13,3.09
1023.75,5.6,2.69,59,45,3.09
1023.75,5.9,3.05,59,45,3.07
1023.75,6.28,3.31,59,45,3.09
1023.75,6.28,4,61.01,46.3,3.08
1023.75,6.51,4.36,72,52.5,3.08
1023.75,7.6,4.58,72,52.5,3.08
1023.75,8.09,5.67,72,52.5,3.09
1010,8.81,6.19,73.55,52.5,3.09
830,7.64,5.43,81,52.5,3.08
770,6.63,5.39,81,52.5,2.99
650,7.18,5.68,81,52.5,2.93
560,7.67,5.38,79.51,51.53,2.97
520,7.65,6.06,66,44,2.96
480,8.57,6.29,66,44,3.04
430,9.08,8.62,66,44,3.03
350,9.36,9.16,65.06,43.02,3.07
340,10.02,9.22,60,38,3.09
290,10.09,9.16,60,38,3.11
290,10.4,9.34,60,38,3.1
280,10.06,9.38,59.84,37.51,3.13
200,8.5,10.2,59,35,3.13
200,8.46,10.36,59,35,3.14
190,8.3,12.29,57.44,35,3.11
390,7.9,12.04,49,35,3.14
500,8.2,12.91,49,35,3.22
550,7.82,12.33,49,35,3.35
570,7.66,12.02,48.84,34.02,3.25
530,7.72,13.08,48,29,3.27
520,7.68,11.9,48,29,3.14
510,7.68,13.11,48,29,3.3
480,7.57,13.56,48.77,28.34,4.734999999999999
510,7.63,11.65,53,25,4.734999999999999
500,7.56,12.41,53,25,4.734999999999999
510,7.45,11.95,52.22,25,4.734999999999999
510,7.91,11.48,48,25,4.67
490,7.49,10.54,48,25,4.71
470,7.52,9.36,47.84,26.28,4.68
470,7.2,9.07,47,34,4.66
250,6.79,9.65,47,34,4.66
220,5.83,9.85,47,34,4.58
70,5.85,8.86,46.53,32.57,4.49
60,6.53,8,44,24,4.34
40,6.77,8.34,44,24,4.48
40,6.87,8.83,44,24,4.4
30,7.45,8.47,43.53,24.57,4.6
60,7.61,8.11,41,28,4.55
50,7.51,7.68,41,28,4.63
20,6.94,7.79,41,28,4.61
10,6.61,8.57,41.93,27,4.67
40,6.79,9.71,47,21,4.63
20,6.91,10.13,47,21,4.61
10,7.62,10.24,47,21,4.64
50,7.33,10.8,47.46,21.71,4.64
10,6.68,10.68,50,26,4.66
70,7.03,9.28,50,26,4.7
280,6.92,7.47,50,26,4.734999999999999
280,5.47,7.74,48.6,26.57,4.734999999999999
310,5.65,7.75,41,30,4.734999999999999
300,5.04,8.71,41,30,4.734999999999999
340,5.07,8.23,40.84,29.85,4.734999999999999
340,4.89,7.8,40,29,4.67
350,5.39,6.27,40,29,4.7
380,5.53,6.8,40.9,29.57,4.69
350,5.05,6.6,46,33,4.66
370,5.46,6.3,46,33,4.68
350,5.01,6.36,45.37,32.72,4.66
370,5.4,6.53,42,31,4.68
330,6.21,6.76,42,31,4.734999999999999
230,6.19,6.76,42,31,4.734999999999999
80,5.65,6.2,42.31,31.13,4.7
40,5.46,6.5,44,32,4.54
40,6.13,5.39,44,32,4.48
40,5.77,5.84,44,32,4.37
30,5.96,5.38,44.62,32.55,4.58
40,5.75,6.16,48,36,4.55
70,6.23,4.86,48,36,4.66
60,5.58,5.29,48.31,35.42,4.734999999999999
80,5.3,5.29,50,32,4.71
100,5.44,4.62,50,32,4.734999999999999
150,5.66,4.55,50,32,4.734999999999999
310,6.26,4.62,50.15,31.57,4.734999999999999
210,6.08,4.17,51,29,4.734999999999999
220,6.26,4.1,51,29,4.734999999999999
520,6.21,3.41,51,29,4.734999999999999
490,5.97,3.64,50.53,30.14,4.734999999999999
610,5.11,3.6,48,37,4.49
690,4.42,3.16,48,37,3.77
770,4.46,2.9,48,37,3.81
860,5.08,3.06,48.46,36.85,3.58
940,5.75,3.4,51,36,3.6
880,5.02,3.65,51,36,3.55
870,4.26,3.4,51,36,3.56
840,4.59,3.8,51.93,36.42,3.53
900,4.82,4,57,39,3.55
850,5.38,4.01,57,39,3.53
800,5.18,4.8,57,39,3.55
790,5.46,4.96,57.31,39.57,3.52
770,5.74,5.5,59,43,3.54
730,6.36,5.11,59,43,3.52
640,6.23,7.13,58.68,42.28,3.54
440,6.59,8,57,38,3.56
420,7.11,8.61,57,38,3.5
320,7.97,8.71,57,38,3.45
280,8.7,9.18,57.62,37.71,3.4
210,9.71,10.28,61,36,3.44
190,9.87,10.86,60.37,36.13,3.51
170,9.76,11.25,57,37,3.52
150,9.56,10.89,57,37,3.54
160,8.9,11.72,57,37,3.55
110,8.4,12.27,56.06,36,3.56
110,8.14,11.89,51,30,3.56
60,8.02,11.08,51,30,3.5
110,7.69,11.33,51,30,3.55
90,7.29,12.32,50.37,29.86,3.55
80,6.77,12.01,47,29,3.55
390,7.31,11.01,47,29,3.76
400,6.83,11.94,50.1,29.57,3.74
430,6.59,11.07,67,33,3.79
400,6.16,11.44,67,33,3.61
450,6.15,12.93,67,33,3.64
460,6.4,13.17,62.18,32.44,3.54
490,6.84,13.11,36,29,3.57
450,7.41,12.59,36,29,3.5
440,7.08,11.3,42,21,3.51
450,6.99,10.46,42,21,3.48
430,6.91,10.46,42,21,3.48
430,6.21,10.5,41.06,21.28,3.49
420,6.3,10.27,36,23,3.45
400,6.47,10.4,36,23,3.46
170,5.76,11.11,36,23,3.44
80,6.35,10.4,35.84,23.14,3.38
50,6.27,10.09,35,24,3.26
50,6.8,9.55,35,24,3.34
30,7.15,9.38,35,24,3.27
40,7.59,9.25,35.15,24.14,3.45
30,7.6,9.52,36,25,3.4
20,7.83,9.8,36,25,3.48
40,7.68,8.1,36,25,3.44
30,7.6,9.18,36,24.3,3.5
30,7.92,9.86,36,20,3.49
20,8.88,8.85,36,20,3.53
30,8.51,9.59,36,20,3.5
30,8.09,8.94,35.68,20.55,3.52
10,7.64,9.83,34,24,3.5
310,6.32,8.24,34.62,24.13,3.65
340,5.9,8.68,38,25,3.8
390,6.48,4.61,37,23,3.51
430,6.25,4.4,37,23,3.53
440,6.47,4.16,37.31,23.97,3.52
460,5.99,3.66,39,30,3.54
490,6.24,4.71,39,30,3.55
500,5.32,4.29,39.16,30.15,3.56
470,4.81,3.94,40,31,3.56
490,4.34,3.5,40,31,3.52
500,4.07,4.12,40,31,3.54
370,3.73,3.57,39.83,30.68,3.52
230,4.35,3.66,39,29,3.47
200,4.22,3.64,39,29,3.39
240,4.42,3.45,39.66,29.79,3.39
270,5.38,3.21,43,34,3.49
610,6.69,2.92,49,39,3.55
1023.75,8.52,4.87,62,48,3.59
1023.75,8.81,5.4,62.16,47.52,3.56
1023.75,9.4,4.98,63,45,3.57
1023.75,9.95,7.64,63,45,3.54
1023.75,10.2,7.22,63,45,3.55
1023.75,11.46,8.05,61.66,44.36,3.54
1023.75,11.31,9.23,55,41,3.57
840,13.4,12.43,55,40,3.58
620,12.02,12.67,55,40,3.54
590,11.57,12.54,55,40,3.53
430,11.94,13.4,53.98,38.56,3.44
410,11.47,12.16,47,31,3.36
300,11.3,13.21,47,31,3.4
280,11.07,11.7,47,31,3.38
300,11.55,10.87,47,30.52,3.47
240,10.84,13.27,47,28,3.49
240,10.2,13.55,47,27.2,3.53
250,9.75,13.03,47,23,3.52
240,9.98,12.38,47,23,3.52
250,9.47,12.7,47,23,3.52
250,9.59,12.72,47.37,23.63,3.53
230,9.64,12.69,50,27,3.56
230,9.62,12.31,50,27,3.54
470,9.43,13.81,50,27,3.6
560,9.06,12.17,52,29,3.78
550,8.46,13.98,52,29,3.65
530,7.91,12.57,52,29,3.68
540,8.01,13.31,50.86,28.68,3.56
530,8.25,13.34,43,27,3.55
540,8.12,12.49,43,27,3.49
470,7.3,12.54,43.37,27,3.48
460,7.13,12.01,46,27,3.47
450,7.25,11.39,46,27,3.48
430,7.28,11.83,46,27,3.46
430,7.28,12.51,46.25,27,3.47
420,7.03,13.09,48,27,3.45
400,7.16,13.33,48,27,3.47
370,7.22,13.89,48,27,3.45
150,7.16,14.97,48.12,26.52,3.42
40,7.44,14.05,49,24,3.32
70,7.51,11.83,49,24,3.31
70,8.19,12.2,49,24,3.24
40,7.98,11.08,38,26,3.36
10,8.2,10.89,38,26,3.47
20,8.24,11.2,38,26,3.43
10,8.33,10.54,38.25,26.31,3.51
50,8.42,11.02,40,28,3.46
10,8.1,10.97,40,28,3.52
10,8.11,10.87,40.12,28.47,3.55
50,7.75,10.94,41,31,3.53
10,7.79,10.92,41,31,3.55
10,7.51,10.91,41,31,3.52
110,7.62,9.98,41.48,30.52,3.53
280,6.86,9.43,45,28,3.65
340,6.17,8.64,45,28,3.74
400,6.26,8.97,45,28,3.84
350,6.03,8.96,44.36,28.15,3.65
370,6.15,8.93,40,29,3.63
380,6.49,8.88,40,29,3.56
380,6.17,9.1,40,29,3.55
380,6.05,8.89,40.63,28.84,3.56
360,5.93,8.82,45,28,3.57
370,6.77,9.06,45,28,3.55
410,7.41,8.11,45,28,3.56
360,6.84,8.46,46.51,30.22,3.54
350,6.28,8.79,57,42,3.52
390,6.45,9.09,57,42,3.51
380,6.28,8.52,57,42,3.51
330,6.73,8.91,54.59,39.77,3.53
230,6.36,9.3,38,28,3.53
100,5.87,8.5,38,28,3.47
20,5.99,8.18,38,28,3.37
30,6.74,7.8,37.87,27.68,3.35
40,7.06,7.85,37,26,3.27
50,7.48,8.27,37,26,3.45
40,7.16,8.18,37,26,3.39
110,7.08,7.96,38.26,26.15,3.52
190,7.46,7.08,47,27,3.51
530,9.67,4.67,47,27,3.56
790,11.09,4.68,47,27,3.53
1010,10.16,4.68,48.89,29.22,3.59
960,11.55,6.06,62,41,3.66
1023.75,11.41,5.79,62,41,3.62
980,11.45,7.02,62.88,41.79,3.54
900,10.11,6.72,69,46,3.5
1023.75,10.62,5.55,69,46,3.25
1023.75,11.66,7.45,69,46,3.24
1023.75,10.77,7.85,69.25,47.75,3.32
1023.75,10.72,7.17,71,52.5,3.37
1023.75,11.63,7.91,71,52.5,3.2
1020,10.98,8.55,71,52.5,3.21
1000,11.17,10.76,69.35,52.5,3.13
890,12.29,11.62,58,39,3.14
990,12.35,11.79,58,39,3.11
910,13.39,16.17,59.01,39.11,3.11
830,14.01,16.66,66,40,3.14
800,13.07,17.12,66,40,3.09
780,12.13,15.71,66,40,3.13
770,12.4,14.51,64.6,39.06,3.1
770,12.07,15.44,55,32,3.13
720,11.5,14.28,55,32,3.09
490,11.58,15.24,55,32,3.13
470,11.15,16.67,54.11,31.3,3.06
360,10.5,16.16,48,26,2.98
320,10.58,15.53,48,26,2.95
260,11.05,15.31,48,26,2.91
270,11.38,14.53,47.62,26.23,3.01
230,11.49,15.25,45,28,2.99
240,11.62,16.29,45,28,3.04
280,11.02,17.02,45,28,3.04
190,10.26,17.45,45.25,28,3.07
210,9.72,15.53,47,28,3.07
160,9.42,16.33,47,28,3.07
180,9.27,17.24,47,28,3.06
140,9.25,18.2,46.36,27.88,3.1
170,9.25,15.78,42,27,3.07
140,8.98,15.78,42,27,3.09
160,9.04,14.62,42,27,3.07
410,8.54,15.73,43.39,26.88,3.15
450,8.12,15.85,53,26,3.28
440,7.93,14.74,53,26,3.23
450,7.39,14.82,53,26,3.27
410,7.12,14.59,51.1,25.88,3.12
350,7.39,14.02,38,25,3.05
380,6.69,14.96,42,24,3.02
360,7.12,12.68,41.49,23.76,3.06
370,7.37,13.15,38,22,3.05
330,7.91,13.33,38,22,3.03
10,7.88,12.95,35.63,23.23,2.93
10,7.83,12.67,40,25,2.9
10,8.29,12.95,40,25,3.01
10,8.79,12.52,40,25,3
50,8.79,11.59,40,25.27,3.07
50,8.39,11.2,40,27,3.04
10,8.36,10.16,40,27,3.09
50,8.59,10.42,40,27,3.07
50,8.14,10.84,40.48,26.86,3.1
10,8.1,10.71,44,26,3.09
10,9.16,9.84,44,26,3.09
370,6.13,8.45,39,29,3.36
390,6.07,7.98,39.5,29.41,3.27
380,6.78,6.9,43,32,3.28
380,7.63,6.42,43,32,3.14
390,7.54,6.11,43,32,3.15
400,8.17,5.55,42.87,31.58,3.09
380,9.08,4.39,42,29,3.11
420,8.63,4.78,42,29,3.08
440,8.26,4.41,42,29,3.09
410,7.33,5.15,42,29.41,3.1
450,6,5.02,42,32,3.09
470,7.15,3.47,42,32,3.07
530,7.72,4.41,42,32,3.08
530,6.53,4.18,41.87,31.58,3.08
700,7.44,2.52,41,29,3.09
560,8.54,3.08,41,29,3.08
500,10.84,2.88,41,29,3.05
760,4.35,2.94,42.77,29.97,2.99
820,8.65,2.58,55,36,2.87
750,7.81,3.03,55,36,2.96
1010,6.85,2.9,55,36,2.9
1023.75,7.87,3.37,55.5,36.69,3.05
1023.75,8.19,3.49,59,41,3.04
1023.75,6.88,3.63,59,41,3.52
1023.75,6.6,3.79,59,41,4.734999999999999
1023.75,7.36,4.98,60.77,42.42,4.64
1000,8.26,4.46,73,52.5,4.6
1000,9.34,4.79,73,52.5,4.56
820,9.18,6.44,73,52.5,4.51
740,9.8,6.96,73.12,52.5,4.6
630,11.11,7.95,74,52,4.62
580,11.37,8.04,74,52,4.66
810,11.18,7.92,74,52,4.71
870,10.66,11.32,72.22,50.92,4.734999999999999
840,10.61,11.52,60,43,4.734999999999999
790,10.18,12.09,60,43,4.734999999999999
710,10.32,12.86,60,43,4.734999999999999
680,9.76,13.76,45,32,4.66
670,10.19,14.6,45,32,4.57
660,10.3,14.66,45,32,4.61
660,10.27,16.24,47,32,4.58
680,10.22,15.93,47,32,4.55
610,9.97,17.18,46.87,31.88,4.57
610,10.01,16.31,46,31,4.59
590,9.66,15.92,46,31,4.57
570,8.94,17.53,46,31,4.58
420,9.08,17.06,45.62,30.65,4.56
420,8.85,16.96,43,28,4.52
290,9.79,16.24,43,28,4.42
260,10.16,16.58,43.37,27.53,4.41
220,10.25,16.47,46,24,4.38
180,10.72,17.05,46,24,4.53
170,10.42,16.55,46,24,4.52
220,9.91,16.96,46.37,24.71,4.54
170,9.73,17.18,49,30,4.55
120,9.64,17.2,49,30,4.55
130,9.58,17.02,49,30,4.53
130,9.04,14.93,48,32,4.5
430,7.82,14.33,49,27,4.71
410,7.95,12.89,46,26,4.57
380,7.59,12.4,45.24,25.28,4.54
410,7.57,11.76,40,20,4.53
410,7.45,12.15,40,20,4.52
440,7.64,12.44,40,20,4.52
380,7.63,12.88,39.24,20.47,4.52
390,7.78,13.63,34,24,4.53
400,8.29,13.09,34,24,4.52
350,8.05,13,34.12,23.64,4.53
270,7.7,12.55,35,21,4.5
30,7.22,11.97,35,21,4.46
10,7.8,11.42,38,23,4.21
50,8.19,11.45,38,23,4.43
50,8.29,10.62,38,23,4.41
50,8.91,11.03,37.75,23.11,4.53
50,8.35,11.36,36,24,4.57
50,8.17,11.22,36,24,3.68
10,8.25,10.13,36.25,23.18,2.81
50,8.02,10.85,38,17,2.81
50,7.96,11.5,38,17,2.82
50,8.28,11.02,38,17,2.82
50,8.62,10.47,37.74,18.54,2.83
50,8.2,11.52,36,30,2.83
140,7.83,10.38,36,30,2.85
310,7.46,5.83,36,30,2.95
370,9,5.31,36.25,29.16,2.99
380,8.72,4.1,38,23,3.05
370,8.91,4.55,38,23,2.9
380,8.45,4.21,38,23,2.93
420,9.05,3.48,38.25,23.35,2.84
460,9.57,3.7,40,26,2.85
480,8.35,3.64,40,26,2.81
600,8.52,3.37,40,26,2.82
590,8.38,3.73,40.75,26.59,2.81
700,8.95,2.92,46,31,2.81
860,9.49,2.49,46,31,2.78
870,10.27,2.62,46,31,2.79
1023.75,8.67,2.76,46.25,31.71,2.79
1023.75,7.34,3.06,48,37,2.79
1023.75,7.62,2.75,48,37,2.78
1023.75,8.5,2.9,48,37,2.77
1023.75,7.43,2.77,50.14,37.93,2.74
1023.75,7.37,2.7,65,45,2.63
1023.75,7.82,2.67,65,45,2.66
1023.75,7.35,2.82,65,45,2.6
1023.75,6.87,3.94,66.13,45.93,2.74
1023.75,7.18,4.98,74,52.5,2.72
1023.75,8.78,4.6,74,52.5,2.81
960,9.56,4.81,74,52.5,2.8
720,10.06,6.86,72.22,51.6,2.83
690,9.45,8.48,60,41,2.83
650,10.81,8.1,60,41,2.84
580,12.03,9.97,60,41,2.84
370,11.52,10.98,54,37,2.85
640,11.02,11.03,52.48,37.34,2.88
650,10.34,12.01,42,40,3
620,9.89,12.55,42,40,2.99
580,9.5,12.98,42,40,3.07
640,9.76,12.24,42.12,38.13,2.91
670,9.81,13.38,43,24,2.94
580,9.56,13.45,43,24,2.82
590,9.04,12.79,43,24,2.86
660,9.37,11.75,42.11,24.58,2.83
580,8.85,12.03,36,29,2.8
560,9.48,13.15,45,26,2.8
530,8.91,13.56,45,26,2.81
510,8.36,12.82,44.24,25.76,2.77
410,7.92,13.44,39,24,2.8
330,7.6,14.18,39,24,2.73
260,7.8,13.64,39,24,2.66
230,8.09,12.63,38.62,24.46,2.67
180,8.5,12.9,36,28,2.63
140,9.31,14.33,35.87,27.41,2.73
150,8.99,14.9,35,23,2.71
90,8.83,14.28,35,23,2.74
70,8.71,12.79,35,23,2.71
120,8.35,12.53,35.25,23.11,2.77
90,7.77,12.74,37,24,2.74
50,7.82,12.79,37,24,2.77
40,8.02,11.86,37,24,2.74
30,7.35,12.86,36.87,24.46,2.78
100,7.71,12.72,36,28,2.76
310,7.84,11.81,36,28,2.85
350,7.35,11.47,36,28,2.93
380,6.69,12.56,36.25,27.53,2.93
370,6.71,12.07,38,24,2.96
390,6.73,11.48,38,24,2.81
390,6.48,12.08,38,24,2.81
410,6.57,11.94,38.25,24.58,2.79
430,6.89,11.11,40,29,2.78
370,7.18,10.86,40,29,2.78
410,6.73,10.78,40,29,2.75
380,6.94,10.15,40,28.88,2.76
370,6.84,9.16,40,28,2.77
360,6.87,7.96,40,28,2.78
360,7.02,8.42,40,28,2.77
360,7.21,10.38,39.87,27.88,2.77
200,6.79,11.92,39,27,2.77
20,6.61,12.47,39,27,2.74
50,6.98,11.7,38.15,27.11,2.71
50,8.45,11.4,32,28,2.63
20,8.88,10.29,32,28,2.7
50,8.99,8.74,32,28,2.65
50,8.51,9.03,32.88,28.46,2.78
50,8.08,8.58,39,32,2.75
50,8,8.94,39,32,2.81
50,7.59,8.2,39,32,2.79
10,7.63,8.58,39.37,31.76,2.81
50,7.78,7.14,42,30,2.8
10,7.74,7.32,42,30,2.82
20,8.04,7.13,42,30,2.8
10,7.91,6.35,42.75,29.76,2.82
130,7.53,6.49,48,28,2.81
210,7.73,6.59,48,28,2.84
270,6.61,5.41,48,28,2.92
400,6.53,5.58,47.74,28.23,2.93
460,6.74,4.48,46,30,3.07
530,7.36,4.72,46,30,2.93
540,7.4,5.35,46,30,2.93
600,7.79,4.55,46.25,30.46,2.82
650,8.94,3.66,48,34,2.81
650,10.24,4.54,48,34,2.79
770,8.54,3.95,48,34,2.8
830,8.07,4,47.74,34,2.8
1000,8.25,3.11,46,34,2.79
1023.75,8.64,2.92,46,34,2.79
1023.75,8.39,2.93,46,34,2.79
1023.75,7.22,3.47,46.75,35.04,2.77
1023.75,6.21,3.6,52,43,2.77
1023.75,7.97,4.86,52,43,2.78
1023.75,8.85,4.84,54.9,44.62,2.79
1023.75,8.4,5,75,52.5,2.73
1023.75,8.82,5.92,75,52.5,2.69
950,9.41,7.23,75,52.5,2.61
820,10.28,6.51,75.25,52.5,2.74
700,10.47,6.47,77,52.5,2.71
620,11.34,8.73,77,52.5,2.78
580,12.14,8.82,77,52.5,2.8
520,12.02,9.77,74.34,52.5,2.82
450,11.74,10.86,56,34,2.83
370,11.61,10.9,56,34,2.84
350,10.98,11.03,56,34,2.83
310,10.21,11.92,54.6,33.06,2.84
300,9.66,13.07,45,26,2.85
310,9.89,12.7,45,26,2.84
320,10.22,12.18,45,26,2.85
270,10.4,13.64,44.62,26.23,2.84
550,9.83,12.72,42,28,2.9
640,9.51,12.84,42,28,2.93
600,8.96,13.21,42,28,3.04
600,8.7,14.65,42.37,28.46,2.92
620,8.53,15.97,45,32,2.95
600,8.38,15.29,45,32,2.84
580,8.4,13.87,45,32,2.87
570,8.59,13.76,44.36,38.97,2.67
600,8.93,13.8,40,52.5,2.54
560,9.08,11.52,40,52.5,2.49
580,8.55,11.93,40,52.5,2.53
570,8.48,12.11,40.12,52.5,2.51
600,8.42,12.29,41,25,2.51
590,8.72,12.36,41,25,2.49
580,9.07,13.01,41,25,2.5
600,8.5,12.74,39.6,24.53,2.49
450,8.09,12.76,30,21,2.5
310,7.95,13.05,30,21,2.46
360,7.72,12.1,30,21,2.42
230,8.1,11.97,29.87,20.88,2.38
160,8.15,11.91,29,20,2.32
110,8.04,12.91,29,20,2.38
90,8.46,13.14,29,20,2.36
90,8.6,13.21,29.75,19.88,2.43
40,8.54,12.17,35,19,2.41
40,8.42,11.43,35,19,2.45
30,7.79,11.76,35,19,2.43
10,7.73,12.05,34.62,19.34,2.47
50,7.68,13.42,32,22,2.45
20,7.55,11.83,32,22,2.48
30,7.91,12.7,32,22,2.44
10,7.75,14.34,32.37,21.65,2.49
10,7.64,14.82,35,19,2.46
100,7.87,12.75,35,19,2.48
280,6.81,11.83,34.87,19.23,2.6
320,6.63,13.71,34,21,2.64
300,6.47,13.77,34,21,2.57
300,7.18,13.78,34,21,2.57
270,7.63,14.78,34,20.88,2.51
300,6.99,14.19,34,20,2.5
310,7.36,13.57,34,20,2.49
280,7.78,13.27,34,20,2.48
320,7.33,11.89,33.74,19.88,2.49
290,7.12,12.94,32,19,2.49
290,7.16,13.14,32,19,2.49
300,7.26,13,32,19,2.49
300,7.43,12.28,32.36,19,2.49
310,7.95,12.87,35,19,2.48
290,8.11,12.45,35,19,2.47
130,7.82,12.23,35,19,2.47
20,7.55,9.72,31,21,2.43
50,7.1,9.32,31,21,2.4
50,6.64,8.88,31,21,2.34
50,6.78,9.11,31.75,21.34,2.42
50,6.56,9.56,37,24,2.41
50,6.56,9.46,37,24,2.5
50,6.67,9.54,37,24,2.47
50,6.72,10.19,36.87,24.34,2.52
50,7.4,9.08,36,27,2.5
50,7.7,8.54,36,27,2.52
50,7.6,8.63,36,27,2.51
50,7.49,8.21,36.37,26.53,2.53
50,9.27,7.39,39,23,2.53
50,9.37,7.01,39,23,2.53
10,8.43,7.93,39,23,2.5
290,7.61,7.11,39.88,23.58,2.54
450,7.11,5.69,46,28,2.65
620,8.59,4.12,46,28,2.68
690,10.26,4.16,46,28,2.73
750,11.24,4.3,47.13,28.58,2.59
840,10.2,4.31,55,33,2.6
880,9.15,4.91,55,33,2.51
1023.75,9.59,3.68,55,33,2.51
1023.75,9.59,3.62,54.49,32.41,2.52
1023.75,10.5,3.98,51,28,2.5
1023.75,9.96,4.11,51,28,2.51
1023.75,9.84,4.1,51,28,2.51
1023.75,10.5,4.22,53.14,29.74,2.51
1023.75,10.82,5,68,43,2.52
1023.75,11.16,5.28,68,43,2.51
1023.75,11.68,5.95,68,43,2.52
1023.75,12.54,6.9,68.63,42.76,2.5
980,11.21,7.77,73,41,2.49
780,10.13,11.85,73,41,2.46
650,10.33,9.24,73,41,2.4
690,11.59,8.85,70.34,39.72,2.42
650,12.09,11.25,52,30,2.38
550,13.03,11.77,52,30,2.47
520,13.69,13.25,52,30,2.47
500,13.44,15.63,51.11,30.23,2.51
470,13.4,15.32,45,32,2.52
440,13.63,14.9,45,32,2.5
370,12.78,14.42,45,32,2.5
350,12.13,14.59,44.36,30.95,2.5
310,11.67,15.6,40,23,2.52
260,10.77,16.03,40,23,2.53
270,10.21,14.38,40,23,2.53
240,9.96,15.7,39.87,23.23,2.52
210,9.2,15.17,39,25,2.53
510,8.96,13.83,39,25,2.56
510,8.69,13.77,39,25,2.69
560,7.98,13.96,38.74,24.41,2.65
610,7.96,14.24,37,20,2.7
530,8.17,13.99,37,20,2.57
500,7.61,13.17,37,20,2.57
430,7.46,12.99,36.87,19.3,2.52
410,7.21,12.25,36,14,2.54
390,8.17,12.04,36,14,2.49
420,8.04,12.03,36,14,2.5
470,7.63,11.51,36,14.23,2.49
460,7.89,13.18,36,16,2.48
450,8.19,14,36,16,2.49
410,8.68,11.86,36,16,2.49
480,8.75,10.45,35.24,20.88,2.48
460,8.43,10.67,30,52.5,2.49
330,8.05,10.87,30,52.5,2.47
220,7.48,11.71,30,52.5,2.45
240,6.8,11.45,30.75,52.5,2.4
170,6.6,9.94,36,17,2.31
120,6.65,9.45,36,17,2.33
80,6.84,9.47,36,17,2.3
60,7.76,8.59,38,20,2.39
40,7.6,8.86,38,20,2.45
50,7.63,9.34,38,20,2.43
20,7.31,9.14,38.25,20.11,2.49
10,7.08,9.54,40,21,2.46
50,6.98,9.64,40,21,2.48
50,7.42,10.02,40,21,2.46
50,7.76,9.61,40,21.34,2.49
50,7.54,9.54,40,24,2.47
50,7.42,9.34,40,24,2.49
160,7.06,9.13,40,24,2.48
260,6.46,8.29,39.87,23.65,2.56
290,5.89,8.95,39,21,2.65
300,6.21,9.74,39,21,2.61
300,6.62,9.31,39,21,2.63
300,6.59,9.89,39.25,21.46,2.54
310,6.5,8.18,41,25,2.55
320,6.43,8.89,41,25,2.5
260,6.23,9.21,41,25,2.51
340,6.3,9.46,40.75,24.88,2.5
290,6.38,9.98,39,24,2.5
300,6.17,10.41,39,24,2.49
320,6.46,10.41,39,24,2.49
270,6.47,11.18,38.49,23.52,2.49
270,6.66,10.05,35,20,2.49
300,7.68,8.33,35,20,2.48
320,7.78,5.97,35,20,2.47
110,7.27,6.04,35.12,20.11,2.49
40,6.3,5.71,36,21,2.47
20,5.57,4.97,36,21,2.43
10,5.28,4.57,36,21,2.36
50,5.94,4.05,36.25,21.69,2.4
20,6.33,3.65,38,27,2.38
20,6.52,4.35,38,27,2.47
10,5.69,4.67,38,27,2.46
30,5.34,4.55,38.37,27.34,2.51
40,5.24,4.47,41,30,2.49
60,5.42,3.96,41,30,2.51
200,5.72,4.12,42.26,30.58,2.52
130,5.78,4.55,51,35,2.51
170,5.25,4.65,51,35,2.4
230,5.9,4.12,51,35,2.37
210,6.09,4.57,51,34.76,2.39
650,5.96,3.95,51,33,2.39
1020,6.46,3.62,51,33,2.49
1023.75,6.69,3.31,51,33,2.59
900,6.22,3.79,50.49,33.46,2.49
1023.75,5.99,3.8,47,37,2.51
1023.75,6.99,3.56,47,37,2.39
1023.75,7.24,4.88,47,37,2.4
1023.75,6.67,4.82,48.22,37.71,2.36
1023.75,6.84,5.07,57,43,2.38
960,7.57,4.85,57,43,2.36
820,7.87,6.46,57,43,2.36
800,8.33,6.71,57.37,42.65,2.35
750,8.56,5.94,60,40,2.35
680,8.68,6.31,60,40,2.35
670,9.18,9.54,60,40,2.37
600,9.55,9.69,59.87,39.88,2.35
580,8.94,9.87,59,39,2.37
390,8.79,10.83,59,39,2.33
310,9.01,11.37,59,39,2.31
260,8.98,11.72,58.36,38.41,2.29
200,9.67,11.61,54,34,2.23
170,10.27,10.6,54,34,2.28
190,10.29,11.48,54,34,2.26
120,10.4,12.84,53.49,33.06,2.33
170,10.3,13.2,50,26,2.32
80,10.25,12.54,50,26,2.35
100,9.69,11.98,50,26,2.35
80,8.78,11.76,50.5,26.23,2.37
70,8.15,12.12,54,28,2.36
50,7.71,12.59,54,28,2.36
90,7.25,12.97,54.37,27.53,2.36
80,7.15,12.56,57,24,2.36
80,7.06,11.11,57,24,2.35
300,6.58,11.19,57,24,2.42
340,6.14,11.96,56.11,24,2.47
350,6.05,11.28,50,24,2.43
340,6.23,11.75,50,24,2.45
330,6.47,12.51,50.25,23.88,2.36
330,6.93,12.32,52,23,2.38
370,6.97,12.03,52,23,2.34
380,6.43,11.49,52,23,2.35
380,6.41,11.18,50.98,23.34,2.34
350,6.06,10.49,44,26,2.32
360,6.26,10.87,44,26,2.31
350,6.33,10.62,45.13,25.88,2.3
350,6.5,10.87,53,25,2.28
350,6.42,10.36,53,25,2.3
260,6.47,10.38,53,25,2.3
180,5.93,10.34,52.74,25.4,2.29
80,5.96,9.11,51,28,2.19
50,6.26,9,51,28,2.21
10,6.01,8.72,51,28,2.14
50,6.09,9.13,50.49,27.45,2.27
50,6.48,8.55,47,24,2.31
10,6.74,7.44,47,24,2.29
50,7.01,6.08,47.88,24.34,2.32
50,6.59,6.35,54,27,2.31
50,6.5,6.86,54,27,2.33
50,6.34,7.08,54,27,2.31
50,7.08,10.48,46,27,2.34
50,8.56,9.28,46,27,2.32
190,8.45,8.68,42.2,25.5,2.35
230,7.11,8.99,16,16,2.45
250,6.9,7.63,16,16,2.49
340,8.38,6.18,19,16,2.39
290,9.5,6,19,16,2.36
280,8.3,6.25,19,16,2.37
300,6.64,5.96,18.87,15.72,2.37
310,7.05,5.09,18,14,2.37
300,8.08,5.66,18,14,2.35
340,6.74,6.45,18,14,2.32
290,5.88,6.7,17.58,14.27,2.34
320,5.93,5.64,15,16,2.33
320,6.61,4.5,15,16,2.33
340,7.11,4.27,15,16,2.34
320,6.7,4.79,15.14,15.31,2.34
30,6.66,3.98,16,11,2.32
20,5.52,3.65,16,11,2.24
10,5.51,3.42,16.68,11.81,2.25
20,6.5,3.52,21,17,2.2
30,7,3.25,21,17,2.29
90,5.36,3.14,21,17,2.29
140,8.4,3.37,22.24,16.59,2.34
390,6.65,3.79,30,14,2.35
170,5.74,3.72,30,14,2.41
180,6.44,3.23,30,14,2.42
220,7.44,3.82,30.41,14.95,2.35
480,5.89,3.98,33,21,2.33
460,6.73,4.23,33,21,2.39
340,6.95,4.19,33,21,2.4
380,7.09,3.84,32.72,20.45,2.38
550,7.43,4.02,31,17,2.35
800,6.93,4.48,31,17,2.41
780,7.69,4.63,31,17,2.54
760,7.71,4.78,32.24,18.36,2.51
860,10.13,5.3,40.96,27.95,2.36
890,9.51,5.21,47,34,2.36
520,8.15,13.16,35,18,2.49
490,7.09,12.86,34.58,17.86,2.72
470,6.91,12.6,32,17,2.73
90,6.27,14.47,47,20,2.56
50,7.02,20.2,47,20,2.54
40,7.83,21.88075,47,20,2.45
50,8.9,20.45,43.27,19.59,2.54
50,9,17.54,20,17,2.58
50,8.81,19.4,20,17,2.55
10,8.82,21.37,19.03,15.74,2.63
50,8.68,20.37,13,8,2.59
50,10.16,16.75,13,8,2.62
50,10.65,16.73,13,8,2.6
50,9.54,15.62,13.96,8.4,2.65
50,9.72,15.49,20,11,2.64
250,5.9,13.25,26,17,2.69
300,6.21,12.28,25.86,16.72,2.68
310,6.22,12.53,25,15,2.68
290,6.66,10.6,25,15,2.61
300,5.89,10.65,25,15,2.66
310,5.46,10.14,24.72,15.4,2.63
340,5.59,9.17,23,18,2.6
300,4.91,8.35,23,18,2.63
300,4.98,8.54,23,18,2.64
290,5.09,8.71,23.41,17.86,2.65
290,5.4,8.19,26,17,2.65
80,5.84,8.33,26,17,2.63
40,5.77,8.47,26,17,2.55
30,6.07,9.16,26.82,17.54,2.52
50,6.51,7.38,32,21,2.45
90,8.94,5,32,21,2.57
160,10.4,4.32,32,21,2.55
260,9.94,4.99,31.72,21,2.64
310,9.01,5.37,30,21,2.61
480,10.46,3.92,30,21,2.65
480,10.03,5.69,30,21,2.64
570,6.63,5.7,29.86,20.45,2.72
560,8.47,3.79,29,17,2.7
710,9.41,4.51,29,17,2.66
660,9.64,5.79,28.72,17.68,2.68
780,8.78,7.1,27,22,2.66
790,8.05,8.19,27.27,22.81,2.75
730,8.04,9.62,29,28,2.83
690,7.91,8.86,29,28,2.76
740,10.93,11.24,40,36,2.65
330,9.91,12.77,33,26,2.51
280,10.26,13.29,33,26,2.45
140,8.68,8.93,27,17,2.71
20,8.46,8.61,27,17,2.74
170,9.44,8.32,27,25,2.68
1023.75,8.74,3.36,59,36,2.72
1023.75,8.11,4.62,62.19,36.95,2.65
620,9.55,11.16,56,25,2.37
630,10.01,11.49,56,28,2.05
580,9.79,11.5,55.73,27.59,2.06
560,10.31,11.35,54,25,2.06
580,9.84,10.83,54,25,2.04
570,10.04,12.04,54,25,2.04
510,9.88,12.63,54,24.59,2.03
300,8.81,12.99,54,22,2
230,9.37,12.7,54.26,22.13,1.96
140,9.12,13.05,54.93,22.86,2.03
200,7.56,12.58,43,24,2.03
410,7.3,13.11,43,24,2.09
380,7.31,12.94,43,24,2.14
350,7.11,13.42,43.27,24.13,2.12
300,6.55,9.62,44,24,2.02
270,6.24,8.83,48.86,25.45,2.05
70,6.56,9.85,48,22,2.04
50,6.24,8.91,43,22,1.9
1023.75,9.3,3.81,75.79,45.72,2.05
720,9.01,7.81,79.8,44.4,2.04
320,9.56,9.04,70.67,44.95,2.09
280,9.16,11.8,61.17,32.27,2.1
470,8,11.24,56,34,2.16
510,8.45,13.81,48,27,2.09
510,7.89,13.92,49.06,27,2.07
460,7.96,14.34,56,27,2.06
480,8.15,15.03,56,27,2.06
470,7.96,15.6,55.06,26.86,2.06
480,7.66,18.4,49,26,2.06
430,7.89,16.22,49,26,2.07
450,8.38,16.5,48.86,26,2.05
360,8.31,15.79,48,26,2.06
270,7.99,14.46,48,26,2.03
180,7.84,14.25,48,26,1.99
140,8.28,13.15,48.66,25.86,1.97
100,8.04,14.19,53,25,1.91
90,8.49,13.6,53,25,1.97
60,8.8,12.27,53,25,1.98
60,9,12.9,53,25.54,2.05
30,8.72,12.86,53,29,2.02
50,8.73,13.32,53,29,2.04
50,8.14,12.1,48,24,2.03
50,8.04,13.79,48,24,2.04
50,8,13.51,48,24,2.03
50,8.01,13.15,48.13,23.72,2.04
20,7.72,13.54,49,22,2.03
130,7.72,11.24,49,22,2.06
250,7.28,11.48,49,22,2.11
250,6.69,11.68,49,22.47,2.14
270,6.53,11.55,49,26,2.17
270,6.77,10.84,49,26,2.1
230,6.13,11.06,49,26,2.09
240,6.13,10.75,49.53,25.72,2.06
260,6.11,11.16,53,24,2.06
250,5.85,10.7,53,24,2.05
210,6.4,10.47,53,24,2.07
230,6.2,10.58,53.13,24.55,2.06
240,5.92,10.11,54,28,2.06
210,6.08,9.96,54,28,2.03
240,6.32,8.52,54,28,2.04
200,6.27,8.35,55.24,28,2.04
260,6.86,6.95,63,28,2.04
260,8.46,6.05,63,28,2.05
50,7.9,6.49,63,28,2.05
50,7.27,5.98,62.74,28.27,2.01
30,8.05,5.7,61,30,1.93
50,7.52,6.31,61,30,1.95
50,6.69,7.55,61,30,1.92
50,6.53,7.44,61.13,30.81,2.02
50,6.71,6.44,62,36,2.01
50,6.92,7.57,62,36,2.04
50,6.82,6.95,62,36,2.05
50,7.15,6.74,62.13,35.18,2.05
50,7.59,6.26,63,30,2.05
50,7.72,14.14,63,30,2.04
50,7.78,19.9,63,30,2.04
50,8.5,21.88075,58.74,28.18,2.05
110,8.14,19.88,31,17,2.06
50,7.97,16.05,31,17,2.1
10,9.34,15,31,17,2.13
220,10.13,10.27,28.87,15.6,2.12
270,10.54,10.84,15,7,2.2
330,8.99,11.23,15,7,2.18
310,9.44,11.47,15,7,2.2
320,9.3,11.43,14.46,6.58,2.09
380,9.96,10.3,11,4,2.1
450,13.16,7.48,11,4,2.05
500,13.34,7.41,11,4,2.05
620,13.94,8.45,11.93,4.13,2.05
930,15.8,5.5,18,5,2.04
910,16.93,6.63,18,5,2.05
1023.75,16.93,4.68,18,5,2.06
1023.75,16.34,6.07,18.53,6.53,2.07
1023.75,15.13,6.93,22,16,2.06
980,14.56,7.35,22,16,2.05
1023.75,12.72,7.55,22,16,2.04
1023.75,12.92,6.38,22.79,16.97,2.06
870,14.18,6.59,28,23,2.06
770,13.33,8.76,28,23,2.28
700,12.92,8.15,28,23,2.52
370,8.78,12.88,25.59,22.58,2.67
350,9.25,13.96,23,20,2.66
370,8.67,14.37,23,20,2.64
350,16.93,7.82,30,20,2.63
380,11.82,9.3,26,20,2.63
190,12.7,8,27.46,21.09,2.62
210,12.96,4.46,37,28,2.51
120,14.1,4.51,37,28,2.43
390,10.41,4.91,45,31,2.66
190,9.81,4.48,45.13,31.69,2.72
180,11.33,3.76,46,36,2.66
340,10.55,4.12,46,36,2.61
300,10.48,4.86,45.46,35.58,2.69
180,10.28,4.22,42,33,2.72
420,10.19,2.96,42,33,2.68
520,11.56,3.6,42,33,2.66
370,11.11,3.54,43.33,33.13,2.7
760,11.69,2.99,52,34,2.72
810,9.99,3.47,52,34,2.75
970,10.3,3.55,52,34,2.81
1023.75,12.53,3.03,53.1,34.41,2.75
1023.75,11.9,3.09,60,37,2.74
1023.75,7.34,2.63,60,37,2.65
1023.75,10.71,2.98,60,37,2.64
1023.75,12.37,2.76,61.1,37.55,2.64
1023.75,13.17,2.74,68,41,2.63
1023.75,11.19,5.36,70.34,42.25,2.62
1023.75,12.94,6.45,81,50,2.65
1023.75,15.22,6.99,81,50,2.66
1023.75,16.93,9.37,81,50.69,2.65
1023.75,12.86,10.94,78,52.5,2.66
1023.75,16.93,10.28,78,52.5,2.6
730,16.1,11.6,78,52.5,2.52
740,15.8,11.32,73.86,52.48,2.52
600,15.35,12.6,48,37,2.47
590,15.13,14.1,48,37,2.57
490,15.39,13.53,48,37,2.57
470,15.5,13.42,46.48,35.46,2.63
460,15.27,13.19,37,26,2.65
410,14.85,15.06,37,26,2.67
370,14.15,18.6,37,26,2.66
300,13.4,18.56,36.31,25.72,2.67
440,12.43,17.92,33,23,2.68
560,11.44,20.12,33,23,2.77
620,11.23,18.07,35.06,24.53,2.79
610,11.16,14.5,48,34,2.84
650,11.11,14.5,48,34,2.71
670,10.88,14.5,48,34,2.72
640,10.72,14.5,46.48,33.16,2.67
590,11.95,15.27,37.82,28.27,2.63
580,11.98,16.16,43,30,2.66
580,11.94,18.21,43,30,2.63
590,12.85,20.63,43,30,2.65
540,11.91,20.39,41.06,29.02,2.64
530,11.09,20.43,29,23,2.63
350,10.87,21.06,29,23,2.62
310,10.52,19.26,28.44,22.44,2.62
150,10.45,17.87,25,19,2.52
110,10.68,15.51,25,19,2.45
80,10.98,15.81,26.24,23.04,2.54
60,10.69,15.97,34,48,2.53
80,10.7,15.16,34,48,2.59
70,11.19,14.05,34,48,2.59
30,12.22,14.01,34.13,44.23,2.62
50,10.47,14.28,35,21,2.64
10,10.12,14.97,35,21,2.61
10,9.45,16.28,34.17,20.58,2.64
50,9.07,19.01,29,18,2.63
50,8.93,17.97,29,18,2.65
270,9.33,12.13,29.96,19.25,2.68
390,10.17,10.16,36,27,2.82
430,9.55,9.35,36,27,2.82
410,8.92,8.83,36,27,2.84
410,8.68,8.83,36.41,27.27,2.68
380,9.7,9.23,39,29,2.68
390,9.7,8.41,39,29,2.64
420,10.48,7.23,37,27,2.64
420,12.14,6.8,36.58,26.86,2.64
420,12.76,7.61,34,26,2.64
430,11.34,8.61,34,26,2.64
410,10,6.87,34,26,2.63
430,10.72,5.33,33.85,26.13,2.63
180,12.22,5.3,33,27,2.61
70,11.01,6.12,33,27,2.55
90,9.71,5.66,33,27,2.46
50,10.79,6.26,33,27.27,2.52
90,9.7,7.17,33,29,2.48
40,8.85,7.35,33,29,2.59
170,9.07,6.19,33,29,2.58
190,14.52,5.52,34.72,29.13,2.65
400,13.86,5.33,45,30,2.67
230,11.02,5.52,45,30,2.73
250,10.77,5.13,45,30,2.75
220,11.93,4.05,44.85,30.27,2.67
520,13.7,4.38,44,32,2.62
720,13.56,3.36,44,32,2.69
680,14.2,3.5,44,32,2.71
750,13.54,3.18,46.15,32.69,2.69
1023.75,13.07,3.1,59,37,2.64
1023.75,13,3.44,59,37,2.71
1023.75,12,2.85,59,37,2.84
1023.75,10.6,3.23,59.28,37.97,2.82
1023.75,11.42,3.72,61.57,44.97,2.65
1023.75,10.84,4.47,65,51,2.64
1023.75,11.71,5.6,65,51,2.63
1023.75,11.61,8.29,65,51,2.66
1023.75,11.79,8.31,63.99,49.6,2.65
1010,12.16,9.86,58,41,2.67
920,12.72,11.35,58,41,2.64
860,13.16,11.59,58,41,2.64
790,13.14,11.48,56.13,45.88,2.64
790,13.5,11.58,45,52.5,2.64
780,13.52,12.52,45,52.5,2.65
550,13.12,14.85,45,52.5,2.64
460,12.11,16.5,44.42,52.5,2.62
320,12.72,14.85,41,33,2.55
290,12.93,14.76,41,33,2.53
210,11.58,19,32,19,2.65
190,11.15,18.25,32,19,2.64
190,10.77,19.43,32,19.27,2.59
180,9.53,19.15,32,21,2.65
150,9.87,17.55,32,21,2.66
150,10.28,16.97,32.14,20.86,2.66
120,9.15,18.45,33,20,2.65
240,8.54,18.62,33,20,2.68
410,7.86,17.63,33.43,19.58,2.74
460,7.33,17.21,36,17,2.83
410,7.41,17.44,36,17,2.78
410,8.01,17.29,38,23.58,2.63
400,7.68,16.23,38,21,2.62
400,7.79,16.55,38,21,2.62
380,7.88,16.26,38,21,2.61
360,7.44,15.95,37.13,21.13,2.61
380,7.65,13.46,32,22,2.59
70,7.24,13.87,37,23,2.55
50,8.08,11.68,36.85,22.58,2.53
50,8.28,12.33,36,20,2.5
50,8.42,11.72,36,20,2.59
50,8.57,11.86,36,20,2.57
50,8.91,11.96,35.28,20.13,2.62
50,8.78,12.59,31,21,2.63
50,8.78,13.53,32,21.41,2.65
50,8.24,14.1,38,24,2.64
50,7.93,12.71,38,24,2.65
50,7.96,12.98,38,24,2.64
170,7.88,13.01,43,23,2.69
290,7.28,10.42,43,23,2.79
280,7.92,9.23,43,23,2.89
280,8.1,9.6,43.26,23.27,2.78
270,7.6,9.53,45,25,2.67
310,7.98,9.26,45,25,2.66
290,7.58,8.44,37,32,2.65
310,7.21,8.13,37,32,2.64
290,7.12,8.47,37.41,31.3,2.64
330,6.92,8.49,40,27,2.64
300,7.05,8.41,40,27,2.62
290,6.95,7.47,40,27,2.64
280,7.21,7.97,39.31,27.27,2.64
260,7.28,7.83,35,29,2.63
30,7.22,7.94,35,29,2.6
30,6.99,7.46,35,29,2.52
20,7.13,7.67,35.68,28.16,2.52
10,6.8,7.7,40,23,2.46
20,7.07,6.89,40,23,2.58
30,8.32,7.1,40,23,2.58
130,9.68,4.16,40.82,24.11,2.64
230,12.62,3.52,46,31,2.64
160,11.46,5.56,46,31,2.66
400,10.92,3.59,46,31,2.65
700,13.08,2.84,47.66,31.79,2.67
1023.75,14.4,2.96,58,36,2.66
1023.75,7.69,4.16,81,52.5,2.83
1023.75,7.83,4.94,81,52.5,2.86
1023.75,10.21,6.95,81,52.5,2.72
1023.75,10.13,8.09,81,52.5,2.72
1023.75,11.7,8.93,81,50.61,2.66
1023.75,13.12,8.05,69,38,2.66
1010,13.91,10.18,69,38,2.63
920,14.29,12.35,69,38,2.64
890,15.17,13.19,67.89,38,2.65
870,15.87,11.47,61,38,2.66
960,15.04,17.17,50,38,2.85
710,13,16.14,45,24,2.74
710,11.91,15.53,45,24,2.74
710,11.88,14.85,45,24.63,2.73
640,11.14,17.89,45,28,2.29
630,11.41,17.38,45,28,2.04
620,11.52,15.9,45,28,2.04
610,12.34,15.04,45.41,27.34,2.03
560,11.8,14.44,48,24,2.02
600,11.89,14.84,48,24,2.04
540,11.94,14.07,47.72,23.84,2.06
520,11.01,15.18,46,23,2.08
510,9.9,14.28,46,23,2.09
480,9.1,16.16,46,23,2.11
440,8.35,16.26,45.86,23.16,2.07
430,8.12,15.82,45,24,2.06
410,8.09,15.24,45,24,2.03
440,8.33,14.62,45,24,2.03
380,8.16,14.79,44.86,24.47,2.03
360,8.29,13.7,44,27,2.02
360,8.51,13.82,44,27,2.03
350,8.12,13.75,44,27,2.02
360,8.06,13.88,43.44,26.84,2.03
340,8.78,13.32,40,26,2.01
320,8.61,13.51,40,26,2.03
340,9.14,13.51,40,26,2.02
300,9.05,13.93,40,26.16,2.03
80,9.1,13.75,40,27,2.02
60,8.89,13.31,40,27,1.98
10,8.78,13.86,40.71,27.48,1.95
50,8.55,13.59,45,30,1.92
50,9.05,12.66,45,30,1.99
50,9.82,13,45,30,1.98
50,10.54,13.46,44.42,28.88,2.04
50,11,12.9,41,23,2.04
50,10.31,12,41,23,2.05
50,9.96,12.27,41,23,2.05
50,9.17,12.07,41.55,24.43,2.06
50,9.06,12.46,45,32,2.06
50,8.99,12.41,45,32,2.06
50,8.72,11.6,45,32,2.05
240,7.74,11.19,43,34,2.1
300,6.88,10.67,43,34,2.23
270,6.99,11.13,43.41,34.31,2.22
300,7.64,11.11,46,36,2.11
280,7.5,10.84,46,36,2.1
290,7.76,9.86,46,35.2,2.07
290,8.13,9.45,46,31,2.06
280,8.09,9.8,46,31,2.05
300,7.52,9.67,46,31,2.05
280,7.65,8.53,45.42,30.84,2.06
280,8.18,7.9,42,30,2.06
230,7.24,8.49,42,30,2.07
280,7.17,6.77,42,30,2.06
310,7.86,6.59,41.85,29.84,2.07
310,8.2,6.49,41,29,2.06
260,7.76,6.3,41,29,2.05
50,7.89,5.62,41,29,2.04
120,7.4,5.93,43.35,30.27,2.02
90,7.48,4.67,58,37,1.95
170,8.12,4.39,58,37,1.95
320,8.35,3.56,58,37,1.93
430,8.87,3.96,60.63,40.18,2.01
560,8.08,3.13,77,52.5,2.02
510,7.93,3.29,77,52.5,2.05
590,7.43,3.28,77,52.5,2.04
940,7.89,3.93,81,52.5,2.08
740,6.91,4.03,81,52.5,2.13
610,6.98,4.38,81,52.5,2.14
500,7.44,5.8,81,52.5,2.08
430,7.91,6.28,79,52.5,2.05
360,8.34,7.67,79,52.5,2.04
470,9.59,9.02,79,52.5,2.05
620,7.9,9.65,77.41,52.5,2.14
600,8.03,9.82,68,44,2.27
570,8.86,10.38,68,44,2.23
510,9.29,12.42,66.47,43.04,2.13
460,9.61,12.82,57,38,2.12
420,9.19,13.14,57,38,2.08
370,8.93,13.4,57,38,2.09
370,8.95,13.55,55.61,36.72,2.07
350,9.14,14.71,47,30,2.08
420,8.67,16.36,47,30,2.08
320,8.65,16.22,47.41,30.31,2.06
380,8.85,16.22,50,32,2.07
390,8.52,15.13,50,32,2.05
260,8.18,14.24,50,31.36,2.06
200,7.95,15.75,50,28,2.04
70,9.46,14.34,50,28,1.94
50,9.49,15.05,49.3,28.31,1.98
50,9.72,13.34,45,30,1.97
50,9.85,13.76,45,30,2.01
40,9.78,13.49,45,30,2.02
10,10.19,13.29,45.13,29.52,2.04
20,9.61,13.25,46,27,2.05
50,9.74,12.86,46,27,2.05
50,8.44,11.47,43,27,2.05
50,8.07,11.54,43,27,2.05
50,8.35,11.01,43,27,2.05
50,8.24,11.47,43.55,26.52,2.05
190,7.7,10.88,47,24,2.08
290,6.21,11.94,44,27,2.13
280,6.47,11.44,44,27,2.06
310,6.47,11.21,44,27,2.05
320,6.67,11.52,44.69,27.47,2.04
280,6.47,11.19,49,30,2.02
330,6.83,11.24,49,30,2.02
290,6.87,11.78,49,30,2.03
310,6.95,11.53,47.61,28.72,2.03
290,6.96,10.81,39,22,2.03
270,7.17,11.92,39,22,2.03
290,7.5,11.46,39,22,2.02
280,7.3,11.54,39.55,22.95,2.03
270,7.35,11.19,43,28,2.03
20,7.29,11.71,43,28,2.02
10,6.91,10.97,43,28,1.97
50,7.19,10.57,43.97,27.36,1.95
50,7.15,10.71,50,24,1.9
50,7.64,10.66,50,24,1.98
50,8.33,10.3,50,24,1.97
50,8.5,10.59,49.72,24,2.02
50,8.28,12.46,48,24,2.02
50,8.7,11.55,48,24,2.04
50,8.38,12.45,44,28,2.06
50,8.39,12.53,44,28,2.08
50,8.3,8.79,44,28,2.07
50,8.81,6.84,44.55,27.84,2.08
20,8.02,8.72,48,27,2.07
190,7.04,8.34,48,27,2.11
270,6.11,7.24,48.83,28.11,2.18
270,6.68,7.22,54,34,2.25
290,6.61,6.4,54,34,2.16
280,6.83,6.42,54,34,2.15
270,6.46,7.24,53.44,34.15,2.08
300,6.51,6.49,50,35,2.08
310,6.52,6.72,50,35,2.07
310,6.49,6.53,50,35,2.06
310,6.69,6.29,50.41,34.52,2.05
340,6.74,6.01,53,32,2.05
420,7.53,4.92,53,32,2.05
400,8.07,4.6,53.83,33.27,2.05
400,8.22,5.58,59,40,2.04
420,7.45,4.78,59,40,2.04
460,8.73,4.2,59,40,2.04
260,8.52,4.2,59.41,39.36,2.03
250,8.25,4.1,62,36,1.96
210,8.13,4.32,62,36,1.97
260,8.24,3.81,62,36,1.93
250,8.07,4.46,62.71,36.15,2
280,7.63,4.19,67,37,2.01
250,7.07,3.95,67,37,2.06
230,8.62,6.09,78,46,1.83
220,9.08,7.56,78,46,1.78
200,9.26,8.43,78,46,1.78
130,9.83,11.02,77.3,45.52,1.78
160,10.34,10.71,73,43,1.78
120,10.32,10.82,73,43,1.78
140,10.65,11.52,73,43,1.8
240,10.16,12.29,72.16,42.84,1.79
400,10.16,12.22,67,42,1.86
410,10.39,11.85,47,29,1.76
50,9.82,10.2,43,21,1.69
30,9.67,9.66,42.16,21,1.73
60,9.91,9.73,37,21,1.73
60,9.68,9.81,37,21,1.75
60,9.62,10.34,37,21,1.74
70,9.4,9.85,37.41,21.47,1.76
30,9.38,9.57,40,24,1.75
40,9.92,9.24,40,24,1.74
10,9.15,9.23,40,24,1.73
20,8.72,11.2,41,23,1.73
190,8.55,10.02,41,23,1.77
270,8.3,10.45,41,23,1.84
300,8,10.9,41.13,26.97,1.84
240,7.91,10.26,42,48,1.86
280,7.27,11.13,42,48,1.79
260,7.35,11.93,42,48,1.78
290,8.32,11.6,41.44,43.86,1.77
330,8.28,11.63,38,22,1.75
300,8.16,11.31,38,22,1.75
300,7.96,11.91,38,22,1.74
230,7.77,11.91,38.55,22,1.74
320,8.06,18.04,42,22,1.74
340,9.04,21.11,42,22,1.74
320,8.57,21.78,41.13,21.68,1.74
330,8.84,18.48,36,20,1.74
50,9.11,18.05,36,20,1.72
20,9.37,15.75,35.42,19.68,1.71
10,10.33,16.25,32,18,1.65
10,10.79,14.87,32,18,1.67
50,11.15,14.63,32,18,1.66
50,11.59,13.99,31.3,18,1.71
50,12.02,11.87,27,18,1.73
50,12.89,11.24,27,18,1.76
50,12.72,12.54,27,18,1.75
50,11.47,11.94,26.85,17.68,1.77
10,11.91,11.04,26,16,1.78
50,12.1,10.27,26,16,1.78
60,12.17,10.72,26,16,1.77
20,12.01,10.43,26,16.47,1.79
50,12.07,9.18,26,19,1.81
130,12.23,8.88,26,19,1.79
100,12.37,9.14,26,19,1.8
300,11.58,8.59,26.71,18.84,1.84
370,10.63,8.4,31,18,1.92
450,10.36,8.66,31,18,1.88
440,10.07,9.16,31,18,1.88
440,11.21,7.6,30.28,18,1.8
480,12.06,7.42,26,18,1.78
490,11.49,7.52,26,18,1.77
510,11.63,7.18,26,18,1.77
590,11.94,5.7,26.43,18,1.77
580,12.06,5.6,29,18,1.76
630,10.62,6.4,29,18,1.76
610,10.54,6.01,29,18,1.76
680,11.66,5.55,30,18.79,1.76
690,10.75,4.79,36,23,1.76
730,10.88,5.06,36,23,1.75
700,11.54,4.94,36,23,1.76
570,10.94,5.22,38.72,24.9,1.75
390,10.18,6.17,55,35,1.74
420,9.81,5.96,55,35,1.65
340,10.45,5.74,56.29,35.79,1.7
340,10.54,7.8,64,40,2.22
350,11.09,6.95,64,40,2.34
280,11,5.76,64,40,2.36
290,10.59,7.04,64.57,40.95,2.38
240,10.8,8.05,68,46,2.38
180,11.3,9.66,68,46,2.4
190,10.53,8.45,68,46,2.38
220,10.58,12.08,66.27,44.25,2.4
250,10.95,10.62,56,35,2.4
160,11.62,10.72,56,35,2.4
140,11.1,12.21,56,35,2.39
150,10.71,12.81,55.56,35.47,2.39
330,10.68,12.48,53,38,2.4
410,9.93,12.13,53,38,2.45
490,9.33,12.01,53,38,2.55
450,9.57,11.77,52.28,37.2,2.51
460,9.92,12.03,48,33,2.53
500,9.5,12.34,48,33,2.42
490,9.76,12.29,48,33,2.41
520,9.99,13.41,46,25,2.38
530,9.84,14.23,46,25,2.35
510,9.92,14.15,46,25,2.36
430,10.87,14.31,41,26,2.34
440,10.46,15.28,41,26,2.34
430,10.65,15.17,41,26,2.35
400,10.96,15.73,39.99,25.36,2.34
400,10.48,15.8,34,22,2.36
270,9.42,16.54,34,22,2.36
250,9.12,16.62,34,22,2.34
200,9.15,14.21,34.71,22.15,2.28
200,9.77,10.64,39,23,2.22
70,9.76,9.85,39,23,2.24
90,9.61,10.37,39.14,23.47,2.29
100,10.27,9.9,40,26,2.3
60,9.74,9.95,40,26,2.33
30,8.72,9.49,40,26,2.31
20,8.46,9.46,40.43,26.31,2.32
10,8.4,9.83,43,28,2.32
20,8.44,9.19,43,28,2.33
50,8.1,8.83,43,28,2.32
50,7.71,9.31,42.85,28,2.34
50,7.55,9.94,42,28,2.33
10,7.53,9.64,42,28,2.33
190,7.08,9.68,42,28,2.35
220,6.56,10.11,42,27.68,2.42
260,6.28,10.72,42,26,2.48
250,6.33,11.2,42,26,2.43
270,6.58,12.12,42,26,2.42
240,6.56,11.22,41.56,25.68,2.37
260,6.16,10.69,39,24,2.36
270,6.36,10.69,39,24,2.34
220,6.41,10.53,39,24,2.33
230,6.29,10.34,38.85,23.84,2.34
50,7.08,9.17,38.38,26,2.33
50,6.69,6.89,47,26,2.24
50,6.49,6.47,46.56,26.31,2.28
50,6.91,6.87,43,25,2.36
10,7.39,5.42,43,25,2.37
740,9.33,3.19,59,32,2.35
660,7.96,3.75,59,32,2.34
700,7.37,3.15,59.57,33.43,2.35
700,7.6,3.1,63,41,2.36
760,7.57,3.61,63,41,2.34
740,6.97,3.53,63,41,2.35
680,7.2,4.34,64.65,41.95,2.36
510,7.79,5.37,75,47,2.35
230,10.88,6.03,72.93,45.72,2.24
140,10.26,8.34,60,39,2.32
120,10.49,8.94,59.42,38.04,2.36
260,9.77,11.33,48,26,1.94
350,8.85,11.58,48.13,26.31,2.02
410,8.67,10.84,49,28,2.06
370,8.38,13.21,49,28,1.97
370,8.29,11.78,49,28,1.97
340,8.47,12.26,47.89,27.68,1.93
360,8.04,11.44,41,26,1.91
350,8.15,11.49,41,25.36,1.91
70,8.02,10.47,45,21,1.8
50,8.57,10.02,43.48,21.79,1.85
20,8.33,9.37,34,26,1.85
50,8.46,10.23,34,26,1.86
50,8.48,8.87,34.41,25.68,1.87
50,8.11,9.41,37,24,1.87
170,7.43,9.49,36.44,23.68,1.93
200,7.13,9.29,33,22,2.01
200,6.37,8.91,31,23,1.91
180,6.88,8.81,34,22,1.9
190,6.72,8.87,34,22,1.9
190,6.45,8.88,34,22,1.89
170,6.41,8.98,34.39,22.15,1.89
220,6.49,8.49,37,23,1.9
210,6.68,7.46,37,23,1.89
150,6.75,7.79,37.55,23.15,1.91
50,5.99,7.77,41,24,1.88
50,6.93,5.3,42,34,1.87
680,7.5,3.44,59.51,34.95,1.91
680,6.8,3.69,69,40,1.9
20,9.76,10.27,48,26,1.78
10,10.26,10.34,48,26,1.78
380,8.68,9.76,47.44,25.84,1.85
380,8.61,10.59,44,25,1.86
420,9.08,10.91,46,26,1.75
380,9.37,12.52,39,26,1.74
360,8.1,12.43,39,26,1.73
180,7.87,13.24,39.68,25.84,1.74
130,7.93,12.07,44,25,1.69
40,8.14,11.89,44,25,1.66
50,8.1,12.79,44,25,1.63
10,8.37,12.62,43.31,24.84,1.67
40,8.85,20.09,39,24,1.67
40,9.79,20.58,39,24,1.71
40,10.29,19.35,39,24,1.7
30,10.17,18.33,39.27,24.79,1.73
40,9.68,19.84,41,29,1.71
30,10.02,18.01,41,29,1.72
50,10,18.48,39.62,27.72,1.74
30,9.5,19.82,31,21,1.74
60,9.48,19.69,31,21,1.76
20,9.55,19.47,31,21,1.74
70,9.07,18.49,29.89,20.36,1.76
310,8.29,17.04,23,17,1.8
380,7.43,13.39,23,17,1.86
360,8.04,11.64,23,17,1.9
400,7.77,12.42,24.79,17.63,1.83
390,7.67,11.83,36,21,1.82
380,8.22,11.85,36,21,1.77
70,7.54,7.16,33.03,25,1.67
40,7.73,7.11,27,25,1.63
80,7.85,7.01,27,25,1.71
80,7.71,6.49,27,25,1.72
50,7.85,6.66,27.55,25,1.76
170,8.46,6.36,31,25,1.77
230,8.19,6.09,31,25,1.78
100,8.03,6.09,31,25,1.84
180,8.44,5.85,32.51,25.31,1.8
170,8.71,5.02,42,27,1.77
310,8.84,4.87,42,27,1.75
390,9.1,4.36,42,27,1.77
220,9.69,5,42,27,1.81
270,9.32,5.59,42,27,1.79
390,9.04,5.44,42,27,1.76
580,8.59,5.08,42,27,1.82
670,8.59,5.09,42.13,28.11,1.86
790,9.22,5.44,43,34,1.89
710,9.06,5.83,43,34,1.83
770,8.95,5.72,43,34,1.82
780,9.24,7.91,46.86,35.75,1.78
750,9.92,7.09,71,45,1.78
700,10.35,7.35,71,45,1.78
700,10.06,9.02,71,45,1.79
700,10.46,8.78,71.55,45.47,1.77
670,11.03,9.65,75,48,1.78
590,10.46,11.85,75,48,1.77
600,10.04,11.82,75,48,1.77
530,10.31,13.68,72.93,46.88,1.77
450,9.77,13.2,60,41,1.78
410,9.04,13.94,60,41,1.77
280,8.22,13.45,60,41,1.79
130,8.48,12.57,38,28,1.72
80,8.61,11.44,38,28,1.69
30,8.67,12.85,38,28,1.68
10,8.67,13.93,38.68,27.41,1.72
10,9.13,13.5,43,23,1.73
50,9.73,12.66,43,23,1.76
10,9.52,13.51,43,23,1.76
20,8.96,13.74,43,23.34,1.77
40,9.42,13.01,43,26,1.76
10,8.99,13.85,43,26,1.76
30,9.03,16.09,43,26,1.76
20,9.2,15.54,42.86,25.88,1.76
50,9.12,14.56,42,25,1.77
50,8.92,14.31,42,25,1.77
180,8.12,13.68,41.86,24.88,1.79
270,7.83,14.26,41,24,1.88
250,7.85,14.27,41,24,1.87
300,8.09,13.63,36,29,1.79
300,8.63,13.52,36,29,1.76
260,8.96,12.32,36,29,1.76
340,8.99,12.23,37.79,28.41,1.77
310,8.48,12.87,49,24,1.75
300,8.78,13.13,49,24,1.74
310,8.99,16.7,73,27,1.73
320,9.7,21.39,73,27,1.73
320,9.63,18.51,73,27,1.71
360,10.21,16.77,69,27.11,1.72
260,11.93,15.46,46.34,31.48,1.66
240,12.5,14.09,61,52.5,1.7
230,12.53,13,61,52.5,1.7
250,12.36,12.12,61.82,52.16,1.74
200,12.31,12.76,67,47,1.72
230,11.66,11.94,67,47,1.77
160,11.75,12.01,67,47,1.76
180,12.68,11.29,64.1,46.02,1.77
160,12.64,11.03,46,40,1.77
190,12.02,10.07,46,40,1.77
190,12.53,9.22,46,40,1.76
200,14.44,7.01,46.41,39.02,1.77
260,14.26,8.02,49,33,1.77
420,11.86,10.03,49,33,1.82
490,12.37,9.21,49,33,1.92
490,13.08,9.89,48.06,33.13,1.9
490,11.99,10.09,42,34,1.89
500,10.95,11.5,42,34,1.82
480,10.36,10.87,42,34,1.8
510,10.69,9.89,41.58,32.63,1.78
500,10.51,10.77,39,24,1.77
470,10.82,8.76,39,24,1.76
470,10.88,10.56,38.72,24.55,1.76
480,10.56,9.23,37,28,1.76
470,10.98,8.35,37,28,1.76
430,10.95,10.34,37,28,1.76
460,9.65,9.38,36.58,28.13,1.77
420,10.62,8.26,34,29,1.76
310,10.64,7.24,34,29,1.76
90,10.5,6.67,35.24,28.3,1.7
100,9.53,6.41,43,24,1.65
90,9.08,5.71,43,24,1.69
120,10.42,3.8,43,24,1.69
130,11.63,4.3,42.58,24.83,1.75
160,11.65,4.61,40,30,1.76
410,10.27,4.67,40,30,1.8
300,11.18,3.25,40.82,30.47,1.83
280,11.52,3.57,46,34,1.81
410,11.19,3.45,46,34,1.73
340,10.87,3.94,48.62,34.71,1.77
440,10.96,4.83,65,40,1.78
490,11.13,4.85,65,40,1.77
540,10.94,6.15,65,40,1.77
660,10.11,6.32,66.37,41.3,1.83
720,10.93,7.3,75,51,1.93
720,11.77,6.76,75,51,1.88
660,12.43,6.98,75,51,1.88
600,12.52,8.11,73.89,49.57,1.82
550,12.46,8.19,67,39,2.49
570,11.8,8.45,67,39,2.67
580,11.71,10.06,67,39,2.67
650,12.44,11.04,65.34,39.11,2.67
590,13.24,14.48,55,40,2.68
630,13.47,14.84,55,40,2.66
640,13.27,14.43,55,40,2.66
580,13.27,16.03,55.27,39.64,2.66
570,12.86,13.82,57,37,2.67
530,12.26,14.02,57,37,2.68
70,11.39,11.85,43,23,2.66
50,11,11.98,43,23,2.64
60,10.37,12.47,43,23,2.64
10,9.72,13,42.31,23,2.62
20,10.04,13.06,38,23,2.65
30,9.97,12.17,38,23,2.61
10,9.67,12.65,38,23,2.64
20,9.81,12.44,39.37,22.52,2.63
170,9.84,11.94,48,19,2.68
330,10.08,12.33,33,20,2.66
280,8.42,11.63,39,16,2.6
270,8.55,9.6,39,16,2.61
240,8.33,9.08,38.44,16.95,2.61
250,7.37,9.15,35,24,2.57
40,6.2,8.68,34,23,2.6
50,5.19,7.67,34,23,2.53
50,5.46,7.23,34,22.4,2.52
50,5.94,7.21,34,18,2.45
50,5.96,7.32,34,18,2.53
50,6.82,7.01,31,17,2.63
50,6.69,7.39,31.13,17.11,2.65
50,6.46,7.43,32,18,2.64
50,6.72,7.63,32,18,2.65
50,6.49,7.69,31.86,18,2.67
50,6.95,8.01,31,18,2.67
30,7.01,8.06,31,18,2.66
60,6.21,5.73,31,18,2.76
150,6.35,4.53,31.82,18.58,2.83
220,6.09,5.02,37,23,2.76
190,6.29,3.79,37,23,2.71
220,5.99,4.53,41,30,2.65
190,6.62,3.92,41,30,2.66
220,6.96,4.1,41.13,29.88,2.66
240,6.51,3.69,42,29,2.65
280,6.78,4.39,42,29,2.65
280,5.65,4.17,42,29,2.64
330,6.04,3.52,42.41,29.47,2.65
300,5.9,3.49,45,33,2.63
240,6.18,2.95,45.82,33.23,2.6
270,6.29,3.12,51,35,2.47
280,5.92,3.01,52,41,2.58
350,5.98,3.04,52,41,2.65
430,6.17,3.32,60,41,2.66
350,6.94,3.59,60,41,2.66
290,6.88,4.44,74,48,2.69
290,7.74,4.98,74,48,1.92
250,8.13,5.24,74,48,1.79
360,8.26,7.81,72.48,47.41,1.81
420,8.33,8.54,63,43,1.9
330,9.54,9.65,35,23,1.81
290,10.35,9.95,38,21,1.77
250,10.1,9.72,27,17,1.78
120,9.61,10.88,29,19,1.76
90,8.92,10.62,29,19,1.74
30,9.48,9.8,29,19,1.7
20,10.37,8.97,28.86,18.65,1.69
10,10.33,9.29,28,16,1.67
50,10.24,9.09,28,16,1.71
50,10.25,9.96,28.55,16.23,1.74
50,9.5,9.16,32,18,1.75
50,9.65,9.04,62.06,18,1.76
50,9.18,9.28,81,18,1.76
50,9.09,7.9,39,19,1.76
210,6.88,8.51,39.55,19,1.86
160,6.94,9.86,43,19,1.76
180,6.62,10.08,41.31,18.4,1.75
170,7.06,11.36,31,14,1.74
170,7.31,10.91,31,14,1.73
200,7.07,10.2,31.41,15.04,1.74
190,7.21,10.71,34,23,1.74
200,7.32,10.6,34,23,1.74
210,7.39,10.06,34,23,1.74
180,7.4,10.31,33.72,22.76,1.74
140,7.07,11.36,32,21,1.74
50,8.37,8.52,29,16,1.73
50,8.08,7.64,29,16,1.74
50,8.63,6.97,34,19,1.77
50,9,9.3,34,19,1.77
50,8.51,8.14,37,20,1.77
50,8.77,6.68,37,20,1.78
160,8.1,6.7,33,25,1.89
130,8.13,5.25,33.41,25.11,1.81
210,8.8,4.98,36,26,1.78
540,13.84,3.72,38,25,1.75
260,9.5,3.21,45,31,1.73
320,9.15,2.63,45,31,1.69
310,8.33,3.27,63,41,1.99
310,8.56,4.34,63,41,2.04
240,9.01,5.87,74,46,2.07
250,10.42,6.35,74,46,2.09
110,11.41,9.49,53,39,2.09
350,9.79,9.58,47.62,34.25,2.18
380,10.08,10.72,39,21,2.17
360,10.31,11.13,39,21,2.11
350,10.2,11.53,31,18,2.09
50,11.41,15.34,22,13,1.97
50,11.5,13.05,13,12,2.03
10,11.72,13.36,13.55,11.76,2.04
50,10.67,13.25,17,10,2.03
220,8.21,15.93,19,16,2.12
200,8.22,16.07,19,16,2.1
150,8.78,14.43,28,12,2.05
180,8.8,13.29,28,12,2.04
140,8.97,12.68,28,12,2.04
170,8.39,17.95,24,12,2.04
120,8.19,18.17,24,12,2.04
120,9.06,13.84,23.17,12.58,2.04
130,8.85,11.02,18,17,2.01
80,8.83,10.68,18,17,2.01
50,8.56,12.31,18.96,16.76,2.02
50,9.1,9.79,25,15,1.95
50,10.1,8.38,25,15,1.94
50,11.07,6.85,25,15,1.91
50,9.3,7.92,25,17,2.05
50,9.92,5.75,25.41,17.23,2.08
50,11.41,7.19,28,19,2.07
50,11.22,5.63,35.44,19.58,2.08
50,9.78,6.55,81,24,2.09
50,10.65,5.32,81,24,2.08
510,13.16,2.88,29,26,2.06
530,8.25,3.16,30.37,25.88,2.06
420,9.04,3.78,56,33,2.01
290,9.15,5.76,69,41,1.94
210,10.11,7.01,69,41,2.01
10,11.29,11.21,36,26,2.09
10,11.22,11.15,35.86,25.65,2.1
50,11.15,10.87,35,23,2.09
280,10.65,11.39,35,23,1.92
370,11.04,12.3,35,23,1.78
310,10.41,11.48,39,19,1.76
300,10.11,11.84,39,19,1.77
260,10.71,13.5,35,17,1.75
150,9.54,12.04,34.44,16.88,1.72
260,9.65,8.57,39.18,13.93,1.73
50,8.59,8.15,81,21,1.72
50,7.61,8.74,81,20.76,1.75
50,7.24,9.52,35,19,1.75
50,6.92,9.43,35,19,1.74
200,6.7,10.53,31.31,19.88,1.8
190,6.56,10.41,27,19,1.77
210,6.16,9.79,27,19,1.74
190,6.34,9.65,27.13,18.88,1.74
210,6.59,7.99,28,18,1.75
50,6.14,7.26,33.53,18.23,1.76
50,5.44,7.64,37,20,1.73
50,5.03,6.15,37,20,1.65
50,5.8,5.79,37,21,1.7
50,6.03,5.9,37,21,1.73
130,4.9,4.71,37.58,20.46,1.77
250,7.14,3.95,35,24,1.76
210,8.14,5.02,35,24,1.76
20,7.91,7.63,50,38,1.64
30,10.59,13.82,67,52.5,1.77
50,11.28,17.8,64.1,51.55,1.77
660,12,21.19,60,51,1.75
140,9.91,11.87,61,40,1.99
50,11.75,15.88,38,22,2.04
50,10.72,13.42,35,17,2
320,9.54,9.21,32,21,2.07
50,9.97,14.56,12,12,1.74
120,9.6,14.01,13.35,13.25,1.74
50,8.31,6.8,27,22,1.78
110,7.68,5.45,27,17,1.76
480,10.21,6.41,39,29,1.9
480,11.37,11.47,39,27.69,1.9
440,11.99,13.57,36.59,19.69,1.91
410,12.24,14.98,23,13,1.92
430,11.96,15.73,23,13,1.91
70,13.8,11.05,33,20,1.85
190,10.59,10.39,33.22,16.41,2.06
290,9.87,10.1,49,12,2.26
270,9.13,9.68,49,12,2.32
160,8.9,12.48,37,22,2.14
140,8.46,12.95,37.15,21.86,2.16
120,8.28,12.52,38,21,2.15
300,9.26,10.27,38,21,2.14
20,9.78,9.43,42,24,2.12
10,9.2,7.83,47.89,24.83,2.1
50,9.91,6.94,80,30,2.04
50,9.68,5.8,74.41,29.72,2.14
20,9.38,4.89,44,28,2.16
50,9.32,4.79,44,28,2.19
20,9.34,4.62,44.46,28.69,2.21
10,9.96,4.77,47,33,2.2
260,7.87,3.65,50,33,2.24
250,5.98,3.22,42,39,2.34
230,6.16,3.57,42,39,2.27
240,6.8,2.95,42,38.16,2.24
210,6.64,3.03,42,33,2.21
190,6.14,3.24,42,33,2.2
210,6.58,2.96,33,26,2.19
210,6.45,2.98,33,26,2.19
230,6.54,3.23,34.55,26.41,2.2
250,6.44,2.82,43,29,2.21
50,5.27,3.11,48,30,2.13
30,6,2.26,48,30,2.07
120,5.78,2.39,48.62,29.44,2.11
470,5.72,2.45,57,29,2.19
330,6.14,2.61,57,29,2.23
270,5.48,2.9,60.25,30.39,2.22
180,6.72,2.97,78,39,1.82
80,8.31,5.2,78,39.13,1.77
290,9.35,7.43,73.96,37.9,1.88
240,10.7,8.3,50.91,24.72,1.77
300,9.91,9.84,45,23,1.77
310,10.67,10.24,45,23,1.78
350,10.69,10.15,45,21,1.77
310,11.15,10.63,45,21,1.77
240,10.84,11.42,45,21,1.77
70,9.53,12.04,47,17,1.72
20,10.3,11.29,47.15,17.69,1.69
50,10.83,11.83,48,22,1.66
10,11.16,10.9,48,22,1.68
50,11.4,11.46,48,22,1.7
50,9.62,11.85,48.22,21.86,1.77
50,9.41,9.21,44,21,1.76
50,8.56,10.79,44.15,20.58,1.76
50,8.64,10.06,45,18,1.75
50,8.86,10.67,45,18,1.76
70,7.59,11.18,41,24,1.78
110,7.34,11.19,41,23.58,1.75
130,7.38,10.93,41,21,1.73
100,7.62,11.26,41.46,19.88,1.74
140,7.5,9.53,44,13,1.74
150,7.46,8.17,42.75,14.53,1.74
50,6.92,8.43,36,14,1.99
50,6.63,8.26,36.46,15.11,2
50,5.52,8.59,39,22,2.1
10,5.68,8.71,39,22,2.14
50,6.62,5.29,35,19,1.98
50,8.21,4.4,36.24,19.41,1.97
50,8.96,9.33,39.58,21.58,1.96
50,9.83,8.78,21,19,1.97
50,11.78,9.66,21,19,1.96
50,12.63,10.7,21,19,1.96
10,13.03,10.45,18.98,17.32,1.96
50,12.14,11.51,8,7,1.84
50,12,11.93,9.86,7,1.86
50,11.75,11.71,20,7,1.84
20,11.85,11.14,20,7,1.89
50,11.03,10.85,20,7,1.96
50,11.49,10.65,20,8.11,2
50,12.3,11.23,20,15,1.95
50,11.16,11.8,20.46,14.86,1.95
50,11.28,13.04,23,14,1.98
50,9.87,15.45,23,14,2.01
90,9.19,12.03,23,14,2.02
110,8.14,13.65,23,14,2.15
310,8.93,16.45,24.7,14.83,2.15
290,11.3,13.55,30.06,20.58,1.97
320,10.8,20.91,25,18,1.97
110,11.37,12.47,41.81,14.44,1.9
30,12.14,13.72,19,11,1.85
390,6.32,3.3,45,36,2.02
410,6.21,2.97,45,36,2.08
370,6.56,3.07,43.91,35.3,2.06
370,7.12,3.23,38,28,1.96
480,6.97,2.76,39.24,28.69,1.96
430,6.61,2.56,46,33,1.96
510,5.37,2.31,46,33,1.94
490,5.37,3.34,52,34,1.96
320,6.43,4.03,52,34,1.9
240,8.39,4.67,72,46,1.9
240,9.67,5.22,72,46,1.94
80,12.35,9.69,53,34,2
210,9.61,10.01,47,27,2.11
300,10.29,10.41,46.22,26.36,2.01
260,10.72,10.11,42,23,1.98
290,10.59,10.07,42,23,1.98
180,9.7,10.81,42,19,1.96
90,8.9,10.22,42,18.84,1.95
30,9.4,8.41,42,18,1.88
50,8.82,7.55,41.06,17.36,1.88
50,10.06,11.2,35,17,1.94
50,10.02,8.92,35,17,1.94
50,8.61,8.76,35,17,1.94
50,8.13,9.09,35,17,1.95
50,7.79,9.37,35,17,1.94
10,7.63,8.47,35.77,18.11,1.95
240,7.48,9.51,40,24,2.07
220,7.78,7.77,40,29,1.97
300,7.71,6.86,40.62,29.41,1.95
270,8.01,6.83,44,32,1.95
160,8.66,7.54,44,32,1.95
150,8.54,8.09,42.64,31.44,1.97
100,9.74,9.06,35,28,1.95
70,9.7,8.67,34.54,26.18,1.96
50,10.66,6.34,32,15,1.84
50,8.93,5.49,30.84,18.72,1.96
50,8.57,4.36,30.46,17.79,2.02
50,8.69,4.22,33,22,1.95
120,8.06,4.52,33,22,1.97
50,8.66,4.9,32.68,21.36,2.02
70,8.72,4.72,31,18,1.99
310,9.5,3.77,30.69,18.95,2.08
400,10.79,3.13,29,24,2.06
300,8.9,4.18,29,24,1.96
360,9.8,3.51,31.17,23.3,1.96
470,9.72,3.7,43,19,1.95
510,8.77,4,43.6,19.55,1.95
580,8.02,3.67,47,23,1.95
480,9.03,5.7,47,23,1.96
200,10.28,8.43,51.35,36.36,1.94
50,8.73,9.3,43,18,1.98
50,8.62,9.38,43,18,1.97
10,7.73,9.94,42.39,18.15,2.02
30,7.49,10.81,39,19,2.09
40,7.38,10.86,39,19,2.09
60,7.88,10.89,43,20,2
30,7.91,11.7,43,20,1.98
100,8.37,11.92,43,20,1.97
90,8.25,11.65,42.39,19.83,1.97
100,8.59,11.17,39,19,1.97
100,8.29,10.59,39,19,1.96
100,8.4,11.49,39,19,1.97
100,8.18,11.93,37.94,19,1.96
100,8.85,12.5,32,19,1.96
90,9.27,11.5,32,19,1.95
50,7.54,6.05,35,18,1.89
50,6.72,7.6,36.54,16.47,1.94
50,6.01,7.7,34.3,18.36,1.96
50,5.65,7.43,36,15,1.92
50,5.36,5.99,35,22,1.77
50,4.96,6.68,34.09,21.04,1.76
40,7.06,21.88075,29,16,1.75
20,7.86,18.48,29,16,1.75
50,7.93,19.37,28.09,15.44,1.76
50,9.66,13.24,23,12,1.76
50,9.1,11.63,21.91,11.51,1.75
50,8.99,10.73,16,9,1.75
50,9.23,9.55,16,9,1.73
50,9.47,7.27,16,9,1.69
50,10.54,5.88,17.08,9.79,1.67
50,11.09,4.23,23,14,1.67
50,10.84,4.39,23,14,1.71
50,9.6,5.03,22.84,14.79,1.73
30,10.05,4.48,22,19,1.77
30,8.86,4.84,22,19,1.81
50,9.08,4.2,21.69,18.52,1.78
70,10.68,3.9,20,16,1.78
50,8.13,3.85,20.9,16.47,1.81
50,9.01,3.52,26,19,1.75
150,6.79,3.1,27.7,19.15,1.81
290,7.15,2.31,37,20,1.87
490,7.09,2.56,37,20,1.83
440,7.03,2.6,38.65,22.7,1.8
640,5.91,2.4,48,37,1.78
410,5.68,3.14,48,37,1.76
330,6.04,3.7,47.69,36.52,1.75
320,6.15,3.3,46,34,1.75
350,6.89,5.15,46.9,33.2,1.77
300,7.71,5.93,52,29,1.77
240,8.59,6.63,52,29,1.77
110,9.1,7.21,50.79,44.75,1.76
20,11.78,10.01,45,21,1.77
20,11.52,9.21,45,21,1.76
10,11.58,9.09,39,17,1.78
50,10.22,7.52,39.15,17.63,1.78
40,9.34,6.21,40,21,1.84
80,8.94,6.11,40,21,1.86
50,6.71,8.34,29.84,14.16,1.75
70,6.92,7.12,29,15,1.75
70,6.52,7.84,29,15,1.72
50,6.4,8.69,29,17,1.73
50,6.33,8.84,29,17,1.71
50,7.11,8.2,29,17,1.66
50,7.93,8.24,29.45,17.32,1.66
50,8.46,11.62,32,19,1.64
50,9.06,13.51,32,19,1.67
50,10.26,14.75,30.79,20.11,1.7
50,10.53,16.05,24,26,1.72
50,10.35,13.66,24,24.25,1.73
50,10.53,11.15,24,15,1.74
50,9.65,13.06,23.09,15.31,1.76
50,8.96,12.04,18,17,1.78
170,8.32,12.34,17.69,16.36,1.91
50,7.86,12.41,16,13,1.84
50,7.72,11.76,16,13,1.79
30,8.31,10.86,16.58,12.86,1.78
170,8.49,3.1,31,27,1.83
400,7.49,3.78,42,27,1.85
280,9.22,11.04,47.39,29.47,1.77
10,10.47,9.89,37,12,1.76
40,8.38,9.97,42,22,1.81
70,12.29,8.49,33,23,1.76
580,15.09,17.35,51,35,1.88
690,13.51,6.88,40,23,1.93
50,13.61,7.56,42,19,2.35
70,12.76,7.62,42,19,2.36
50,8.49,9.82,39,18,2.29
50,7.3,7.98,37,20,2.19
50,7.27,6.83,37.5,21.3,2.26
50,7.44,7.46,40,28,2.29
50,10.17,7.71,42,28,2.36
60,9.98,3.49,55.66,34.81,2.4
460,10.82,4.04,69,39,2.34
60,12,7.06,81,52.5,2.42
50,11.6,8.59,81,52.5,2.44
50,12.68,11.92,46,17,2.45
50,9.05,13.56,15,19,2.35
50,11.14,6.43,32.36,23,2.49
30,7.96,7.99,28,17,2.56
60,9.65,7.82,27.36,17.32,2.58
330,15.72,6.67,74.41,52.5,1.92
400,14.9,16.13,31.25,20.18,1.91
350,13.88,14.88,33,14,1.9
40,13.81,9.76,38,13,1.89
60,13.39,11.39,38,13,1.89
10,14.33,9.92,38,13,1.89
50,11.4,14.09,38,13,1.89
120,10.7,16.28,16,17,1.88
50,11.1,6.58,27,17,1.82
340,12.18,5.18,70,44,2.17
120,14.46,8.92,75.22,52.5,2.18
390,12.75,17.83,35.36,19.8,2.3
50,10.8,13.26,26,11,2.17
160,9.09,8.12,35.73,35.83,2.19
180,9.68,6.84,27,27,2.2
50,10.47,8.07,21,13,2.16
50,13.09,7.62,17.5,11.76,2.29
130,13.59,9.85,43,26,1.97
200,11.9,16.93,34,15,2.16
50,8.42,15.36,17.13,12.65,2.18
50,7.98,15.28,25,10,2.14
50,9.21,14.52,24.11,10.69,1.99
50,8.46,13.69,20,14,1.98
50,11.5,8.02,24.75,19.34,1.95
50,13.25,7.98,30,22,2
50,12.99,6.23,30,22,2.06
50,12.55,5.85,27,17,2
290,12.22,3.43,32.27,18.81,2.06
350,10.23,2.58,48,25,2.12
370,9.7,2.91,48,25,2.11
470,14.16,6.57,68,40,2.36
210,11.22,12.24,43,17,2.34
180,11.19,12,43,17,2.35
230,10.37,10.45,43.63,17.34,2.36
270,10.84,10.52,48,20,2.32
50,11.54,15.43,35,25,2.29
50,11.29,11.61,35.25,24.76,2.32
50,5.89,4.23,40,24,2.31
50,5.74,4.74,40,24,2.29
50,5.92,5,32,22,2.37
50,6.03,5.21,32,22,2.38
50,6.16,4.37,32.63,22,2.41
50,5.13,4.62,37,22,2.45
60,5.34,4.6,37,22,2.51
50,6.62,4.97,40,29,2.37
50,7.28,5.13,41.89,30.27,2.36
50,7.58,6.74,55,40,2.35
50,7.42,11.38,38,17,2.37
50,7.02,11.49,38,17,2.5
50,6.98,11.88,40.52,16.65,2.53
50,6.9,13.09,55.72,14.81,2.38
50,7.6,13.46,40,21,2.34
50,7.77,9.95,37,17,2.3
50,7.86,10.53,38,15,2.31
50,7.82,11.13,38,15,2.28
50,7.63,9.58,39,11,2.18
50,7.9,9.25,39,11,2.18
50,9.63,11.47,31,16,2.26
50,9.94,9.83,31.12,16.81,2.33
50,9.57,9.12,32,23,2.32
50,8.15,7.89,40,23,2.34
50,7.17,8.06,40.12,22.18,2.38
50,7.26,12.66,40.11,15.88,2.43
50,8.8,11.99,34,15,2.34
50,8.15,13.25,29,18,2.34
50,9.01,13.37,23,13,2.34
50,10.83,6.51,33,18,2.35
50,11.02,7.52,37.25,18.34,2.48
50,11.4,6.74,39,21,2.5
50,10.82,7.79,39.37,21.46,2.52
160,13.58,4.99,42,25,2.56
60,13.69,4.18,42,25,2.58
110,13.69,4.12,47.18,26.62,2.54
400,10.9,6,81,46,2.61
390,12.62,8.99,80.72,40.3,2.51
250,12.99,6.8,57,23,2.37
180,12.87,6.98,57,23,2.41
10,12.48,7.33,52.98,17.81,2.52
10,13,18.66,46,24,2.49
410,15.24,12.59,47,23,2.58
570,16.93,11.33,35,25,2.48
570,16.93,8.59,36.64,27.28,2.47
680,13.78,7.1,48,41,2.48
580,12.66,7.81,48,41,2.47
520,12.02,8.51,48,41,2.48
350,11.37,6.61,48.12,41.34,2.48
350,11.5,4.91,49,44,2.4
340,12.19,4.15,49,44,2.36
300,11.03,3.45,49.37,43.76,2.37
250,10.92,3.1,52,42,2.45
220,10.57,3.31,52,42,2.46
150,10.16,3.88,52,42,2.5
100,9.64,3.79,52.12,41.88,2.5
70,9.48,3.53,53.24,40.53,2.52
220,8.75,3.09,55,37,2.62
350,7.78,2.82,56,44,2.63
380,6.35,2.53,56,44,2.66
410,6.39,2.73,56,43.72,2.62
370,6.8,2.5,56,42,2.54
270,6.9,2.79,56,42,2.51
270,6.86,3.02,56,42,2.49
270,6.37,2.76,58,41,2.48
400,6.41,2.55,58,41,2.49
330,6.71,2.28,60,35,2.47
470,4.7,2.44,60,35,2.49
440,5.11,2.62,59.49,35.81,2.51
350,6.72,2.67,56,41,2.48
190,6.19,2.42,56.5,41.81,2.36
240,5.76,2.2,60,48,2.42
400,6.15,2.46,60,48,2.48
520,5.39,2.75,80,46,2.54
510,8.86,3.06,80,46,2.68
380,8.42,3.19,80.5,47.62,2.7
380,10.98,4.36,81,52.5,2.66
470,11.64,7.41,79,52,2.82
410,12.4,7.96,77.22,49.95,2.92
440,13.04,9.47,65,37,2.83
530,14.85,13.47,64.24,37.13,2.69
520,16.16,15.48,59,38,2.63
600,16.91,14.56,59,38,2.62
420,14.87,12,57,29,2.66
450,15.67,11.56,55.35,27.46,2.66
410,15.36,12.37,44,18,2.66
390,15.42,13.09,44,18,2.65
180,16.11,11,41.74,13.04,2.53
160,16.56,11.56,40,21,2.58
70,16.24,12.43,40,21,2.58
50,11.04,7.27,17.57,11.23,2.68
50,9.66,7.5,29,13,2.72
50,9.55,7.45,27.48,12.72,2.83
50,10.37,4.46,16,15,2.94
50,10.58,3.64,16,15,2.86
50,10.9,2.9,16.75,15,2.85
50,9.68,3.41,22,15,2.96
50,4.99,3.7,22.12,15.27,3.06
10,7.56,3.28,23,17,3.04
330,12.59,9.71,50.39,21.31,3.02
410,12.14,9.53,60,17,2.86
360,12.77,8.9,58.6,17.27,2.89
240,12.74,8.93,49,19,2.84
350,11.62,7.59,49,18.31,2.86
30,9.73,8.02,53,23,1.8
50,10.39,8.99,59,17,1.86
50,10.46,8.78,58,20,1.87
50,8.24,6.94,50,21,1.88
50,6.42,8.01,50,20,1.97
50,6.17,8.79,50.25,20.13,1.91
50,6.66,7.81,51.49,20.86,1.91
50,6.55,8.04,47.87,19.53,1.9
50,6.41,7.61,47,16,1.9
140,14.21,13.74,35.73,21.36,1.94
300,14.34,12.73,27,11,2.03
320,13.37,13.91,27.5,11.95,2.04
440,14.69,14.78,30,14,1.91
500,15.85,12.38,30,14,1.9
400,14.28,13.3,33,16,1.89
230,13.85,14.15,33,16,1.88
50,10.92,9.56,28.87,15.72,1.83
50,10.51,9.95,28,14,1.86
20,9.36,6.27,28,25,2.06
20,9.53,5.54,28,25,1.93
50,9.43,14.46,18,17,1.91
50,11.84,8.99,29,22,1.9
50,10.81,6.94,29,22,1.91
50,10.33,3.58,29.62,15.27,1.84
50,9.53,3.1,27,17,1.89
50,8.44,2.9,27,17,1.93
50,8.41,3.98,27,17.13,1.95
50,8.9,3.66,27,18,1.96
50,9.66,2.49,27.37,18.4,1.9
80,10.49,2.84,30,21,1.92
80,7.5,3.11,30.63,21.68,1.93
60,7.4,7.62,35,26,1.99
110,8.48,10.58,35,26,2.05
120,11.1,9.41,35,26,2.04
50,13.02,11.84,27,13,1.91
10,14.17,13.6,27,13,1.92
50,15.59,13.14,27,13,1.91
20,14.15,12.66,23,13,2.49
50,13.77,13.42,23,13,2.49
30,11.33,15.91,30,14,2.51
50,12.47,17.21,31,17,2.46
50,13.38,16.47,31,17,2.4
10,14.3,18.58,27,17,2.43
50,15.32,19.98,27,17,2.48
50,13.88,20.2,27,11,2.52
20,14.46,20.84,27,11,2.51
50,12.65,21.28,30.24,17.31,2.53
100,11.43,21.88075,20,9,2.53
90,10.78,21.88075,20.88,9.4,2.54
90,11.25,20.17,27,12,2.51
90,12.21,19.79,27,12,2.52
130,11.71,19.1,28,19,2.49
40,11.11,21.5,28,19,2.48
10,10.6,19.77,27.62,17.36,2.49
50,9.2,17.02,25.87,15.31,2.4
50,8.07,14.43,33,23,2.51
50,8.08,12.96,33,23,2.52
50,8.17,10.65,29,15,2.5
50,7.96,10.98,29,15,2.51
50,6.36,10.11,27,19,2.7
50,7.35,10.09,25,16.59,2.48
50,7.09,9.33,25,14,2.51
50,7.01,9.73,25,14,2.49
50,7.07,9.68,25,14,2.48
50,7.49,7.38,25,18,2.48
50,7.08,7.53,25,18,2.47
50,6.9,7.09,25.37,18.13,2.49
50,7.03,6.43,27.87,18.86,2.37
50,6.98,7.08,27,18,2.45
50,6.98,7.59,27,18,2.5
50,7.45,7.91,28.01,18.4,2.5
50,7.64,8.2,35,21,2.54
50,7.6,9.16,35.25,21.81,2.54
50,7.97,12.9,37,27,2.51
50,6.59,12.45,37,22,2.73
50,7.09,12.1,36.62,22.68,2.67
50,7.38,13.44,34,27,2.53
50,7.65,13.47,34,27,2.5
50,8.2,13.57,39,23,2.51
50,7.99,16.66,40,24,2.53
50,8.46,19.44,40.37,23.86,2.53
50,9.7,18.66,43.63,22.86,2.41
50,7.73,18.61,45,19,2.59
50,8.5,21.88075,48,25,2.51
50,9.21,16.15,37,23,2.42
50,9.66,16.94,15,14,2.44
50,9.83,13.34,15,14,2.46
30,9.66,12.97,19,15,2.46
40,9.61,10.62,19,15,2.47
50,9.03,11.08,19.5,15.4,2.47
50,9.15,13.24,32,23,2.46
50,9.35,14.28,32,23,2.45
50,10.49,12.34,32,23,2.5
50,11.99,11.04,30.1,21.22,2.5
50,11.8,11.28,17,10,2.53
50,10.78,9.65,17,10,2.59
50,10.81,8.71,17,14,2.48
50,10.06,10.06,17,14,2.49
50,10.1,4.31,17,18,2.5
10,16.93,4.82,17,18,2.49
50,10.55,6.19,17,17.58,2.51
50,9.71,14.45,17,15,2.47
50,11.71,14.89,17,15,2.41
50,12.41,14.09,18.85,15.41,2.41
50,13.45,12.87,31,18,2.47
50,15.2,14.64,31,18,2.47
50,12.56,21.88075,28.48,17.72,2.57
50,13.88,11.39,12.39,15.86,2.5
50,14.16,9.49,15,15,2.52
40,13.81,6.51,25,18,2.51
130,13.63,8.69,25,18,2.47
180,11.97,10.57,26.32,19.67,2.21
90,11.74,16.4,35,30,2.17
100,9.79,21.88075,18,18,2.05
80,10.12,19.01,24,19,2.05
50,12.8,15.79,30,16,2.08
50,13.64,17.39,30,16,2.07
150,10.59,18.39,29,20,2.23
230,10.79,18.81,29,20,2.19
20,8.13,12.53,39,20,2.03
30,7.48,12.51,39.26,20.41,2.05
10,7.9,11.36,41,23,2.03
50,8.66,7.29,43.18,23.69,1.95
50,8.78,8.07,49.94,28.13,2.07
50,7.98,8.47,43,29,2.05
50,8.62,6.04,44,34,2.08
10,7.72,5,50,33,2.09
50,6.87,6.49,48,29,2.05
50,7.6,4.38,48.92,29,2.06
50,8.59,10.55,55,29,2.06
50,8.19,4.67,53.6,29.25,2.04
180,8.77,6.94,79,38,2.74
280,11,6.2,57,21,2.64
330,11.74,4.53,52.92,20.13,2.62
70,9.05,5.89,59.79,21.55,2.63
50,6.74,7.39,62.48,24.58,2.76
50,6.29,7.5,46,22,2.61
50,5.86,9.33,43,21,2.61
50,6.45,9.48,43,21,2.61
50,6.34,9.5,35,17,2.6
50,6.84,7.19,33,12,2.63
50,5.45,3.27,37,18,2.83
50,5.81,2.96,36.33,17.86,2.86
370,5.11,2.2,49.77,29.83,2.6
370,9.23,5.07,53,27.16,2.76
480,9.56,4.18,53,22,2.88
610,9.83,3.43,43,17,2.53
890,8.96,3.32,38,12,2.63
580,8.75,4.06,37.33,11.83,2.6
50,5.35,2.65,31.47,22.69,2.59
50,5.4,2.25,27.26,16.57,2.66
160,4.42,1.54,34.26,25.14,2.74
120,3.36,1.51,36.39,21.14,2.65
270,5.11,2.27,31,21,2.63
180,5.92,3.51,33.24,22.42,2.63
30,11.26,4.87,39,13,2.68
20,12.39,6.5,38.86,13.71,2.68
560,12.02,7.65,26,8,2.71
520,12.04,7.38,26,8,2.67
560,11.62,7.39,22,19,2.64
550,11.9,4.14,23,10,2.58
20,8.88,4.69,15,13,2.65
50,7.06,4.66,15,15,2.63
50,6.61,2.51,20,15,2.63
50,5.58,1.4,19,19,2.5
50,5.02,1.06,19,19,2.45
20,3.98,1.76,35,23,2.68
220,4.73,2.03,35,23,2.74
230,4.67,1.82,26.32,20.86,2.64
420,6.42,2.78,52,31,2.65
1023.75,15.1,4.75,26,11,2.76
1023.75,13.61,5.19,25.6,10.86,2.92
1023.75,13.69,5.4,31,11,2.66
1023.75,11.47,5.85,30.47,10.72,2.67
1023.75,10.96,5.9,28.45,9.55,2.64
50,9.17,4.82,34.39,15.55,2.6
50,8.71,4.92,37,19,2.62
50,8.13,5.04,36.6,19.27,2.62
10,6.43,4.47,40,23,2.83
10,6.44,4.56,40,23,2.85
70,5.51,3.74,32,19,2.63
150,6.2,2.02,39.52,24.86,2.64
430,6.24,3.53,59.39,37.44,2.79
430,7.22,3.85,62,34,2.78
360,7.21,5.38,62,34,2.79
120,10.59,5.81,42,18,2.67
230,11.3,5.98,42.92,17.86,2.77
50,7.62,4.6,45.74,20.3,2.75
10,4.92,6.16,41,18,2.83
50,5.44,6.69,36,25,2.8
50,6.01,8.73,41,17,2.73
50,7.7,7.99,41,17,2.62
50,8.98,8.4,41,17,2.68
50,9.81,7.67,47,18,2.74
40,5.6,6.16,29,15,2.74
20,5.47,6.15,29.52,15,2.72
50,5.2,7.21,32.86,14.72,2.71
50,6.18,5.47,30,12,2.73
50,6,4.94,34,24,2.85
210,7.17,6.39,62,34,2.17
140,6.51,7.23,60.2,33.44,2.3
420,9.1,6.41,49,27,2.06
540,9.93,7.15,44.7,18,2.02
940,8.72,5.58,44,17,2.53
810,8.44,5.19,43.1,16.88,2.46
580,7.56,5.18,38,16,2.45
50,6.4,6.18,30.14,16.41,2.28
50,7.53,6.15,31,12,2.37
50,7.35,4.95,29.85,14.86,2.48
50,5.56,4.79,39,19,2.7
50,5.14,4.14,39,19,2.64
50,6.23,2.97,38.39,19,2.49
70,5.77,2.14,36,23,2.48
70,9.38,4.91,49,25,2.56
320,11.06,5.33,59,29,2.77
780,11.02,5.13,49,20,2.53
970,11.2,4.97,55,23,2.51
1023.75,10.74,5.06,55,23,2.51
1023.75,11.2,4.88,42,16,2.5
790,10.9,5.94,43,13,2.38
500,12.82,5.69,42,13,2.43
520,13.92,5.18,41.7,13.46,2.45
650,13.83,4.9,40,17,2.48
1023.75,13.81,3.63,48,15,2.48
50,6.64,5.97,28,15,2.44
50,5.29,3.43,35.4,18,2.55
700,12.97,5.59,52,23,2.58
810,13.86,5.93,53,22,2.54
660,11.97,7.01,58.65,19,2.53
540,10.61,3.84,50,17,2.43
400,10.88,3.38,50,17.58,2.45
380,10.67,3.62,49.85,21.76,2.47
30,5.85,6.69,40,17,2.49
50,9.28,8.92,18,10,2.53
50,9.64,8.4,18,10,2.53
50,8.2,7.24,18,10,2.53
50,8.21,6.97,19.34,10.93,2.6
20,10.35,5.87,36,17,2.51
210,11,5.54,49,26,2.5
50,11.83,10.08,12,9,2.57
20,13.85,4.64,19,16,2.71
150,12.63,4.96,20.64,16.23,2.65
220,13.62,4.13,30,18,2.65
290,15.26,3.43,30,18,2.64
640,16.93,4.79,51.39,38.93,2.47
970,16.93,8.46,74.01,49.02,3.15
1023.75,16.93,7.88,57,34,3.17
1023.75,16.93,9.39,54.6,32.25,3.44
1023.75,16.93,7.64,41,19,3.34
1023.75,16.93,8.72,41,19,3.35
1023.75,16.29,8.66,39.95,18.88,3.19
370,6.59,1.78,36,29,3.09
